firstName,lastName,email,password,mobile,dateOfBirth
Chauncey,Bertolaccini,cbertolaccini0@huffingtonpost.com,mCWWdYCNtR,3515715578,06/26/1991
Gawen,Halburton,ghalburton1@timesonline.co.uk,UsoVzyXtxncy,8012128839,12/16/1991
Ricard,Hartup,rhartup2@opera.com,MJlXlm7cE,5057475043,01-01-2009
Whitney,Bilston,wbilston3@ask.com,KZ5VG6XK,9335504771,08/27/2021
Aubrey,Kendred,akendred4@yahoo.co.jp,ESTPa0rfO7Eu,4824275212,06/25/1995
Betsy,Uvedale,buvedale5@wikipedia.org,OEryufmzeFR,3764418813,03/18/2000
Maryl,Tunnicliffe,mtunnicliffe6@is.gd,grCTSaJb,7034857395,01/25/1991
Norbie,Duddle,nduddle7@exblog.jp,IVXmgOfG9W,9432884671,04-10-2010
Nanni,Kemmer,nkemmer8@nhs.uk,lvuNNdEuwVtc,3406896567,06-04-2000
Harald,Lean,hlean9@reverbnation.com,JjmxboDQ9M,8456360714,02/18/1990
Robbin,Bossel,rbossela@wordpress.com,LwQPfWEui3J,7695334133,12/28/2002
Archaimbaud,Wilkinson,awilkinsonb@typepad.com,NCyqOlMUpAQ,5383013788,09-05-2016
Marilyn,Ghelardoni,mghelardonic@storify.com,VdVvgqcGXoY,1191081193,01-09-2016
Corrina,Tarney,ctarneyd@indiegogo.com,vF0037Ft,1088575946,03/27/2014
Thomasine,Stinchcombe,tstinchcombee@cnn.com,F58fLfoL,1947671820,01/17/1992
Caryl,Sidebotham,csidebothamf@timesonline.co.uk,IhBW2GK3CCPT,4522647878,10-11-2001
Julissa,Conn,jconng@npr.org,ZqJBpUZ,5534239109,08/29/1995
Joseph,Kemell,jkemellh@a8.net,BkhbIUer8V,2343245826,05/19/2020
Dolf,Hopkyns,dhopkynsi@who.int,55t43RZktd,9119518323,03/23/2012
Elvyn,Godfery,egodferyj@merriam-webster.com,96VgdjbLoV,4359156331,01/16/1991
Ulrick,Cossum,ucossumk@theguardian.com,JQZiIPNa,5817334357,07-01-1991
Allys,MacCosto,amaccostol@ehow.com,FB80xWX,9629535929,04/22/2006
Vite,Hewkin,vhewkinm@ask.com,pzmkVtFSesTf,2921403242,03/31/1993
Maurizia,Drover,mdrovern@mac.com,eEltaNP5yP,5578657860,02/26/2017
Francesca,Leaton,fleatono@wix.com,l4V2Mm5,4396515052,04/23/1995
Earlie,Cowdray,ecowdrayp@va.gov,dG6mdgnKr5m,9815555485,07/19/1998
Tamarra,Parlor,tparlorq@blogger.com,a5OOAdJqMLI,6538617401,08-08-2014
Irena,De Bruyne,idebruyner@netscape.com,4cHqJN,8742197624,10/13/2015
Tamarra,Houndesome,thoundesomes@toplist.cz,9069DylOC,6618134380,02/27/2001
Blinny,O'Dunniom,bodunniomt@wiley.com,O0S1in,5676935766,02-08-2015
Nealon,Braidon,nbraidonu@list-manage.com,s5QS3T5eo,4245064164,04/16/2008
Joby,Slatcher,jslatcherv@mit.edu,A2MOH3Y9B0nh,8444342696,02/18/2003
Marc,Darton,mdartonw@twitpic.com,AnQMr7gl,5944360277,02/27/2003
Lou,Brawley,lbrawleyx@washington.edu,NTvlta7c41gG,8608316581,07/21/1994
Sophronia,Somerset,ssomersety@ocn.ne.jp,lSCeKmd3,6288459616,11/28/1998
Vachel,Wrightham,vwrighthamz@java.com,PNjQMaw,2086889455,01/29/1999
Rudolfo,Jendrusch,rjendrusch10@google.nl,TWKnhtMrAPt,4556066634,05/25/2006
Thea,Anscott,tanscott11@kickstarter.com,z2IWPQUOLNfF,2687979762,04-02-2013
Wiatt,Boundy,wboundy12@seattletimes.com,0he6MH49bAf,7025848533,12/30/2006
Lib,Cluckie,lcluckie13@addthis.com,Jf5wLuYZEAO,6297568371,08/25/2019
Isiahi,McKyrrelly,imckyrrelly14@shop-pro.jp,kKUuWo,1951278104,11/18/2013
Uriah,Darnbrough,udarnbrough15@howstuffworks.com,8FNSDQ,8254140380,12/17/2015
Tobias,Hannigane,thannigane16@ucla.edu,RbCF2Ji,3903717456,01/29/2009
Artie,de Quesne,adequesne17@tinypic.com,P8iNs52X7xmZ,9235972969,11-12-2006
Clerkclaude,Moorey,cmoorey18@google.cn,KD5nZU,5926691308,06/24/2002
Thoma,Petraitis,tpetraitis19@acquirethisname.com,oG69FRSe,4668646927,11/27/1999
Ara,Grumley,agrumley1a@youku.com,N0WhkDD6skQ,2405463645,01-07-2002
Jarred,Gillie,jgillie1b@vimeo.com,2m9eyTb4gWs,8395776229,09/29/2019
Minnnie,Hadleigh,mhadleigh1c@netscape.com,9lhC0cI,1822753206,10/26/1997
Ophelia,Mattis,omattis1d@cbsnews.com,O1I2noq,7566127400,04/17/2016
Hy,Persence,hpersence1e@goo.ne.jp,0FemrC,4846634558,01/20/2021
Becky,Sail,bsail1f@goodreads.com,pbHOSuTa7,4505004542,06/22/2009
Royall,Crimp,rcrimp1g@theglobeandmail.com,q8KjtgNPih,4504912541,03/21/2011
Lynea,Niven,lniven1h@slideshare.net,pI4qgPgIVPcG,2983652319,09/28/1992
Sancho,Shacklady,sshacklady1i@abc.net.au,mFXp7sIqvJC,3169186809,10/22/1996
Sheila,Bresner,sbresner1j@ft.com,TAX3Pdh,2435382351,03-09-1993
Aigneis,Ferrino,aferrino1k@godaddy.com,RXxdTezi3NB,7565993063,10/19/2018
Philipa,Brimham,pbrimham1l@so-net.ne.jp,j1GRjq7LUA9m,8704864836,10/29/1994
Sidney,Duffit,sduffit1m@ameblo.jp,RWAKmAsZCQL,1801130460,05-08-2012
Hilary,Jahnel,hjahnel1n@bravesites.com,995sKHqYvQ,1167081422,12/30/2000
Mackenzie,Bance,mbance1o@123-reg.co.uk,m7iFsyl,5532585284,10/15/1999
Euell,Blayd,eblayd1p@cargocollective.com,4cevNfEKKve,5487662141,08/29/2000
Deana,Poulter,dpoulter1q@toplist.cz,3awoS3sI0kjC,9421273965,05-11-2012
Gusella,Byneth,gbyneth1r@patch.com,RnwqN7,6046356049,02-10-1993
Glynnis,Fidell,gfidell1s@dion.ne.jp,45MgS8,9388118758,04/16/2018
Sallyann,Barr,sbarr1t@illinois.edu,ViBGe7,3852607447,08/15/2016
Audrey,Mollen,amollen1u@gizmodo.com,qHJK96T24U,6855224107,08/27/2010
Kizzee,Adamsky,kadamsky1v@4shared.com,65uIcc,8666159197,02/18/2021
Brana,Drew-Clifton,bdrewclifton1w@dagondesign.com,enqrm1B,6063735942,03/20/1990
Mariellen,Hourihan,mhourihan1x@seesaa.net,PfuubpR,3548272901,10/22/2008
Ellsworth,Aucourte,eaucourte1y@qq.com,Iu9thEcAH,4238454181,06/25/2011
Rhianna,Raffeorty,rraffeorty1z@auda.org.au,OXTPb9Ds,4619791077,12/25/1997
Arabelle,McKnockiter,amcknockiter20@ebay.com,2L7763DPUZu,4622463475,05-02-1999
Devlen,McMaster,dmcmaster21@indiatimes.com,0eblXjl,3386202722,08/15/1997
Marcellus,Tollerton,mtollerton22@about.com,MJ4ZwCHW7oc,5548417143,12-10-2010
Robinett,Cobbledick,rcobbledick23@independent.co.uk,nYUnsigS,1383328408,10/30/1998
Lou,Stanistreet,lstanistreet24@goo.gl,pckAHTW,1696029063,01/25/1998
Regan,Welbelove,rwelbelove25@domainmarket.com,iKDC1E,4406642439,09/23/1994
Ailee,Lipprose,alipprose26@columbia.edu,vhFfXc,1265209053,09/19/1998
Cassandra,Sergean,csergean27@cyberchimps.com,ewdiEV,6775544243,12/15/1993
Ron,Kubach,rkubach28@intel.com,OwgDege4v,5465552587,12-10-1996
Nikolas,Moret,nmoret29@telegraph.co.uk,6XVNaO9i,4129192605,12/20/2016
Vinny,Fatharly,vfatharly2a@paypal.com,WjJ8vrNC,9478346413,02-02-1994
Jake,Gierke,jgierke2b@tumblr.com,sKMc5O1ExN53,9521127807,07-07-2016
Van,MacGowan,vmacgowan2c@seesaa.net,uyjAqe,4599535644,02/16/2006
Dalton,Petticrow,dpetticrow2d@telegraph.co.uk,35uLKwmwR,6907880057,01/13/2013
Parrnell,Gottschalk,pgottschalk2e@slashdot.org,iyxdKq,6877356019,08-04-1992
Giovanna,Marlin,gmarlin2f@godaddy.com,6LUQJ7I,9398721157,12/22/2013
Hedy,Burt,hburt2g@adobe.com,lN2MwhS,4492557036,11/28/1990
Nert,Caslett,ncaslett2h@buzzfeed.com,6usrW20mIdsL,5041302091,11/29/2000
Kamila,Ganforthe,kganforthe2i@europa.eu,yhr0FxMN,6683742254,01/14/2013
Dreddy,Grieve,dgrieve2j@blogspot.com,oa9XFzgyRqR1,3338767780,01/30/2021
Celia,Jammet,cjammet2k@indiegogo.com,KZsQ8n,4144184058,12-11-2012
Eloisa,Routley,eroutley2l@samsung.com,NRh9HIhEXLi,8325167605,04/20/1998
Farlie,Gillaspy,fgillaspy2m@canalblog.com,TAtehlZv,2945648523,10/15/2021
Leda,Papez,lpapez2n@jiathis.com,PoXMVJVBdJw,5304189503,01/15/1992
Mindy,Orred,morred2o@simplemachines.org,OzyfWI1,2309210335,07/25/2008
Louise,Hallowes,lhallowes2p@nyu.edu,q4dtyDiBBeY,6001148692,02/28/2008
Glynis,Wyles,gwyles2q@cloudflare.com,eNbevHvxfKev,1706717096,11-04-2008
Denna,Simonetti,dsimonetti2r@amazon.com,6QzB9Ss,1485457366,08-08-2000
Steffane,Gascoyen,sgascoyen2s@youku.com,nFlF6Pf,4167889663,07-06-1995
Myrna,Aldritt,maldritt2t@chicagotribune.com,suH7sZjjFU,5184630560,09-09-1996
Angel,Rodear,arodear2u@dmoz.org,sGECGekv,8864781406,07/26/2006
Reinold,Canape,rcanape2v@usa.gov,KVFvfVfjhhH6,1544029859,12/17/1998
Celia,Huffa,chuffa2w@apache.org,zYyOl4KRF,9675565730,04/27/2018
Bealle,Dundin,bdundin2x@geocities.com,CYypUD,7903510730,05/14/2016
Uri,Lucas,ulucas2y@illinois.edu,P0E95gLBSpWc,8761680031,11-02-2020
Miranda,Wearn,mwearn2z@typepad.com,3epSYyoK1,5201817464,01-05-2009
Hewett,Wroath,hwroath30@loc.gov,ZWR84K4Wb,1485858311,07-09-1995
Clerkclaude,Royan,croyan31@statcounter.com,sSZjV8CMvA,2344450817,05-12-2008
Vicky,Swidenbank,vswidenbank32@istockphoto.com,54dEnxePA2f,7622664169,11-03-2021
Colver,Blacktin,cblacktin33@bandcamp.com,kzdNuROOXmu,3431170077,05/29/2018
Shay,Mateu,smateu34@sciencedirect.com,HGhKaHf4,2433506662,07/13/2001
Barn,FitzAlan,bfitzalan35@chron.com,3iseSHeuM,4305664211,11/19/1990
Elisabeth,Benza,ebenza36@amazon.co.uk,4RbISMFoVX,3277859230,09/16/2020
Lauralee,Knowlden,lknowlden37@theatlantic.com,IsoyCnRQ,8359139752,03/20/1996
Bobby,Blockey,bblockey38@lulu.com,8CY3lPV3pmRL,9989344179,06/16/1997
Appolonia,Chevolleau,achevolleau39@umn.edu,487dRX7,5553074619,08/28/1998
Rafaellle,Bryson,rbryson3a@zdnet.com,W6YkpfQ0,9085756465,07/30/2020
Roderigo,Petken,rpetken3b@youku.com,4Kpu5IIS4y,1137879081,11/25/2003
Janeen,Apperley,japperley3c@msu.edu,xRlpQQReE,9053430263,01/20/2017
Malanie,Gush,mgush3d@eepurl.com,woR7ZiKSf,4984714916,02/28/1999
Ashlee,Langland,alangland3e@wufoo.com,Ck0Sye8K4q,7001944337,06-12-2020
Dorian,Benjefield,dbenjefield3f@geocities.com,ntYz88lrgi,2106077772,07/15/2006
Berri,Epelett,bepelett3g@twitpic.com,n3BqkguvUw,8609494543,06/30/2014
Sampson,Wolseley,swolseley3h@gravatar.com,JQJqZnyP,6575609861,10/28/1992
Adela,Wingfield,awingfield3i@bizjournals.com,uCyGpfDuSu8W,5459147028,08/25/1994
Farley,Cavalier,fcavalier3j@nbcnews.com,BRzTu7,4977724821,12-02-2020
Latashia,Halstead,lhalstead3k@ycombinator.com,J5xIYo1,5488900875,06-12-2004
Hilly,Coomber,hcoomber3l@chron.com,XYHIvRz7,9494661987,08/14/2016
York,Borth,yborth3m@goo.ne.jp,1rMERJ4UwNWh,5851255393,03/13/2011
Bernetta,Knellen,bknellen3n@sciencedaily.com,M0PmJXAnD,6623028583,05/29/2004
Shane,Vearnals,svearnals3o@moonfruit.com,lzM0GA,4795270924,08/21/2003
Shaina,Januszewski,sjanuszewski3p@netscape.com,3j3Pv1Vt,6386288086,09/23/1990
Cassi,Davern,cdavern3q@reuters.com,Rl3iDAWZ8qmZ,5331849553,01/16/2002
Domenico,Starsmeare,dstarsmeare3r@msn.com,FzTJrFEx,8011704850,07-01-2007
Silvain,Orteu,sorteu3s@freewebs.com,dnNOYO,8187627729,04/23/2016
Alastair,Fortey,afortey3t@discovery.com,34SAoPyedFO,4412405379,09/15/2011
Rinaldo,Sleit,rsleit3u@google.com.br,9toMoTlW,4649206584,09-12-2021
Earvin,Cantu,ecantu3v@creativecommons.org,iy88P0SC1Ch,6626932384,10-11-2006
Jeth,McFetrich,jmcfetrich3w@techcrunch.com,YL85dScLMn,9014966181,10-07-1997
Lamont,Gayden,lgayden3x@google.com.au,9u17XeGL,9011369625,06-03-2020
Laney,Geibel,lgeibel3y@arizona.edu,KIw2ILU6,5245089581,03-11-2012
Lydie,Searston,lsearston3z@globo.com,H6aMhFTY5cD,9524076201,12/23/2021
Gilda,Barras,gbarras40@admin.ch,I4lnnz,9986721473,06/27/2010
Dora,Rude,drude41@4shared.com,G7ZKOsmODnc5,9704279889,10-06-2019
Domeniga,Mitchall,dmitchall42@free.fr,5iF1w8,4418751560,07/20/2008
Durand,Clancy,dclancy43@oakley.com,xoFs0N7b398,6812932901,03-08-2014
Maegan,Forbes,mforbes44@moonfruit.com,7o1w7nQ,1233019850,05-11-2016
Britney,Gadeaux,bgadeaux45@dot.gov,iNGtapQ24,3203228794,11/30/2006
Anthony,Coyett,acoyett46@dedecms.com,wLeSBuSk8Ogn,8944789414,05-08-1999
Sibbie,Strathern,sstrathern47@privacy.gov.au,FiPyINs,2238865587,08-11-1990
Olivie,Pope,opope48@toplist.cz,Hb1wHT6sp,8959675218,08/19/2014
Letisha,Klimontovich,lklimontovich49@privacy.gov.au,CiOro3ub0,4543129684,02/19/1999
Archambault,Regler,aregler4a@si.edu,5UIAr8lM,7593934804,05/19/2011
Vincents,Posse,vposse4b@boston.com,cZ0iBf4,6057291630,03/30/1997
Heinrick,Fulleylove,hfulleylove4c@chron.com,GFLGz5l,7489903456,02/24/2009
Arabela,Lansdale,alansdale4d@a8.net,R4Iqr6A1AY,9526290194,12-10-2005
Christan,Bleacher,cbleacher4e@phpbb.com,33U2T9cX4i,5563702776,05/20/2016
Bibi,Hekkert,bhekkert4f@sohu.com,ZIbA4FokHFWY,5465930964,01/22/2003
Charlton,Mogey,cmogey4g@mozilla.org,pcQtFw2n5Zs,5945154578,05/27/1997
Zelda,Raccio,zraccio4h@mtv.com,H7o9EI9Z,3008388532,09-03-2017
Mareah,Askham,maskham4i@msn.com,wN9U0D,9163185348,06/13/2016
Calla,Warder,cwarder4j@eepurl.com,Yp4XxYCI6,5215061417,12/24/2020
Brigg,Jaray,bjaray4k@auda.org.au,mYN5HUgLpm,5555497063,01-12-2011
Kermy,Innett,kinnett4l@psu.edu,3oMdQmoPimQA,4585967443,11-03-1991
Annissa,Crowcroft,acrowcroft4m@parallels.com,yw4xKL,5298321333,07-01-2002
Dilly,Feeham,dfeeham4n@wikispaces.com,GetnJ40mSAT,2149456649,07-03-2017
Royall,Verne,rverne4o@lulu.com,vRKomlHmQ6,5307610196,05/24/2001
Yale,Mildenhall,ymildenhall4p@scientificamerican.com,t9111NZU26,1678814369,05-07-2009
Del,Tabourin,dtabourin4q@squidoo.com,ACxGaIjbcUrP,7274779186,08/28/2007
Boothe,Targetter,btargetter4r@soup.io,ANMhTe,9182225999,02/20/1995
Calida,Gadaud,cgadaud4s@slideshare.net,yl9cZ8znXF,2141034111,02/17/1994
Ives,Northage,inorthage4t@dropbox.com,TwrNhO9iz,1619285561,09/20/2002
Melloney,Fockes,mfockes4u@usnews.com,WxkXyoKc9ASx,2962154131,05-03-2005
Gray,Armatage,garmatage4v@amazon.de,O5RAWHoE5Jf,1948695550,10-09-2007
Nedda,Brassington,nbrassington4w@hc360.com,DVbNQDX,5423514651,10/27/2001
Bryant,Ruggs,bruggs4x@wisc.edu,zxRGfFzvyABB,6697738968,03/30/2002
Valera,Briddle,vbriddle4y@altervista.org,G2cJj7k,4012025243,09/30/1997
Fred,Etoile,fetoile4z@mac.com,5gDxOoilTCD4,3108859613,11/21/2021
Selina,Lamborn,slamborn50@stumbleupon.com,szkMdRcG,4356130125,06-01-2014
Dacey,Featherstone,dfeatherstone51@mediafire.com,APnD8eMN,8732514739,06/24/1994
Phyllys,Reihm,preihm52@lulu.com,KJG42wIw,2658187527,09/27/2015
Hubie,Jarrette,hjarrette53@t.co,RbEuNauYzmX,8732050688,10-09-2000
Juline,Zanuciolii,jzanuciolii54@taobao.com,NfgiVrOuR,6824341907,01/24/2011
Betti,Cortin,bcortin55@t.co,65aOfa3Jwe,6759728849,05/15/2015
Gwendolyn,Ovanesian,govanesian56@smugmug.com,Dau2UmO2,7424164753,01/18/2011
Matthieu,Huggan,mhuggan57@nyu.edu,GFNN7NP26,4673191782,07-07-1993
Lotte,McLarens,lmclarens58@samsung.com,HaJybNa,6176237201,04-01-2015
Hendrick,Ebunoluwa,hebunoluwa59@nyu.edu,YZHBgMCox,1819795849,07/21/2001
Waly,Treend,wtreend5a@intel.com,wgleAmw,8586130632,03/25/2021
Isadora,Penman,ipenman5b@examiner.com,UYwQevbm,3388704847,07/14/2015
Joellen,Beavon,jbeavon5c@merriam-webster.com,xQ1bRqSYGA0u,6992861183,07-02-2014
Ninetta,Asey,nasey5d@cloudflare.com,dXTN91e9,7803820263,01-07-1993
Joan,Keems,jkeems5e@last.fm,ecE9nSCED,8507670331,01/26/2007
Cherrita,Illesley,cillesley5f@baidu.com,Zi3s3s,7478118448,08-10-1992
Adolphus,Torn,atorn5g@squidoo.com,ptpZOMR6,3759791594,06/15/2018
Goldarina,Crocker,gcrocker5h@tripadvisor.com,b55eTdh,5865429566,03/21/2017
Simona,Gorton,sgorton5i@gmpg.org,F0Kf2juRe,7881542441,08/27/2010
Nolana,Kleinfeld,nkleinfeld5j@patch.com,1CQ08if,2449592161,12/15/2002
Umberto,Latek,ulatek5k@epa.gov,mHWd4qwHz5,4863195313,11-03-2006
Desiree,Gommey,dgommey5l@cbsnews.com,1OETe5cK09u,8649493891,02/23/1998
Lilah,Rolingson,lrolingson5m@devhub.com,B4TsIdlcgM,9177711078,12/16/2004
Lock,Dreher,ldreher5n@gizmodo.com,a6xIRfcwJM,5054373856,01-07-1996
Doralynne,Veare,dveare5o@tinypic.com,Jf3KGWyRxm,9718415582,02-10-2011
Jorgan,Matonin,jmatonin5p@fda.gov,Pt01ukOquu5J,7765895796,10-10-1996
Lib,Carty,lcarty5q@list-manage.com,gZZ0my,7647495442,06/16/1990
Egon,Stonary,estonary5r@aol.com,Hm05DYcwvP,9683282689,11-10-2002
Verena,Rablen,vrablen5s@yahoo.com,SrjYlpy7,2616276857,07-07-2021
Peria,Milmo,pmilmo5t@dmoz.org,FB6PKumJnk,8057347042,03/24/1993
Corrie,Hinrich,chinrich5u@chronoengine.com,qgBTeGks,8413776447,06/24/2011
Kaylil,Rouf,krouf5v@vistaprint.com,yvD4U81JIWFL,5107841627,02/17/1995
Hedy,McMickan,hmcmickan5w@ocn.ne.jp,Ym7dx9r,2031820391,05/19/1995
Jeniece,Winmill,jwinmill5x@jugem.jp,NBSoYo8IAf,4384781433,12/30/2009
Lindsay,Margeram,lmargeram5y@google.ru,qwqTl2,2171128485,09-07-1997
Jolee,Godwin,jgodwin5z@youtu.be,D8VWFkz,6431016026,01/18/2019
Blisse,Strowan,bstrowan60@wordpress.com,qBoQu16wu,6604943940,07/27/2014
Rosalyn,Lunck,rlunck61@amazon.com,kUFJt2g,1046442862,04/22/2000
Hewett,Traviss,htraviss62@elpais.com,u0lcfzjOEt16,1694436529,02/14/2019
Micheal,Twyford,mtwyford63@blogtalkradio.com,sJ4hVN,9755523606,01-12-1997
Benoit,Ridge,bridge64@spotify.com,W7vJ8Wb7,1106718572,06/26/2014
Leopold,Le Sieur,llesieur65@mlb.com,ybc1B4kg,3018260470,02-02-1990
Ruthie,Kynett,rkynett66@meetup.com,MawHCl,4702045847,08-02-1995
Arly,Wallen,awallen67@ed.gov,FaAxn5Yh2t,7119779600,01/29/2006
Riobard,Dutson,rdutson68@sbwire.com,FlwWe4LjGF2,8013552622,01/18/1991
Adoree,Loadman,aloadman69@booking.com,oG85UWww,8986062963,06/16/1996
Sadye,Greydon,sgreydon6a@google.fr,LlBP4e,1547909649,08-01-2017
Fionna,Bockin,fbockin6b@dell.com,GAn9zUWe,8664908826,10-07-2020
Crista,Elsey,celsey6c@ucsd.edu,SNjnvPTc,2225874587,11-10-2018
Odessa,Maykin,omaykin6d@soup.io,9TrneK00,9412008613,11/13/1992
Cathrine,Goldman,cgoldman6e@time.com,JZ8w48,5329324561,02-10-2011
Lilah,Bennington,lbennington6f@nationalgeographic.com,I1vfPo7N0VZX,9153492752,05/19/2007
Belvia,Terrazzo,bterrazzo6g@nyu.edu,NABp6onhw,1147253662,08/25/1993
Dannie,Cometti,dcometti6h@printfriendly.com,0XHqSka3SZV,7925639304,09/17/2005
Rodolph,Sarfas,rsarfas6i@google.it,N9vhdhhS,9229878807,06-11-2008
Findley,Lundbech,flundbech6j@nba.com,fOrdIuF,5853393443,10/19/2004
Happy,Patinkin,hpatinkin6k@examiner.com,1POXYcs,7861231898,08/15/2003
Luce,Nolder,lnolder6l@pcworld.com,wAu380A,8726132625,11/20/2020
Ashely,Verlinden,averlinden6m@ustream.tv,4HwDqK7z7,2469708253,06-02-2011
Nicolle,Beetlestone,nbeetlestone6n@amazon.com,WbsrBQV,4556708106,06-09-1996
Everard,Haire,ehaire6o@nps.gov,qaKmHSoZMwP,4001389627,03/30/2008
Kermit,Quantrell,kquantrell6p@cocolog-nifty.com,3HmVma,3233519294,12/15/2021
Lou,Gieraths,lgieraths6q@statcounter.com,IZXxku,6629781564,05/28/2017
Ardis,Shipman,ashipman6r@mediafire.com,gnMELiGH,6742562530,08/26/1992
Lucias,Toll,ltoll6s@blogger.com,gba8Oiu53,6342419141,02/23/2004
Dory,Phalip,dphalip6t@storify.com,Y1QGbz3aUo,9866127406,06-01-2008
Bren,Moston,bmoston6u@hexun.com,qNoootXMKp0,3459040617,05/29/2003
Eliza,Juanico,ejuanico6v@ucoz.com,3G6ogpeu,9264393510,08/27/2016
Jeremie,Blamire,jblamire6w@woothemes.com,j193qL,1126440879,03/25/2007
Nikoletta,Spendley,nspendley6x@jigsy.com,gzlUoG,7532743232,10/17/2013
Maxine,Paver,mpaver6y@yellowpages.com,YQSxJutF,5833168005,06/27/2001
Jerri,Lyte,jlyte6z@state.tx.us,COnx83uNjGEQ,7148553915,08-04-2011
Gunter,Duran,gduran70@pinterest.com,YsqShQARr,2144300794,08-09-1997
Adelice,Peris,aperis71@toplist.cz,xnfSgX,1009511741,10-09-2000
Gordy,Gripton,ggripton72@msn.com,YzN03KDDqy9P,3993227072,03/19/2005
Rania,Barehead,rbarehead73@deliciousdays.com,aBIOmBo9,7449224128,10-06-1996
Cherish,Roark,croark74@theglobeandmail.com,f7qvKk16Wx,8853234561,05/28/1994
Darren,Groom,dgroom75@guardian.co.uk,7zlbSs8pWOJe,9715147872,10/31/2007
Berkley,Harverson,bharverson76@dedecms.com,m51h9d4LWI,8186911861,05/25/2007
Vail,Stroobant,vstroobant77@a8.net,bD9Hyk3wc,3968764807,07/17/1995
Marjory,Morpeth,mmorpeth78@bravesites.com,NBoCHmUAF6,2944652362,01/26/2009
Rosabella,Godmer,rgodmer79@cdc.gov,X1sDei3RrcP0,5989172639,03-03-2018
Hugo,Zuann,hzuann7a@whitehouse.gov,mtUrTy9y,8348499429,11-04-2017
Jeniece,Gilbody,jgilbody7b@stanford.edu,sUbrchmysU,3192038966,12-04-1991
Wanda,Avison,wavison7c@elegantthemes.com,bwsMUGuQClZ,7476219274,01/17/2008
Roarke,Brinsford,rbrinsford7d@pagesperso-orange.fr,XGiKLaXvBcX,5483504834,06-06-2020
Shela,Kleimt,skleimt7e@fda.gov,tdIcsYOX,7138331313,08-03-2016
Gussy,Husbands,ghusbands7f@twitpic.com,nlz0uadEd,9611681098,09-04-1993
Elliott,Warlawe,ewarlawe7g@foxnews.com,NPO1kVIVBk7,8016695648,11-08-1996
Dulciana,Ballance,dballance7h@harvard.edu,tS3sEyeLp,7995405011,03/20/1992
Raimundo,Aberdeen,raberdeen7i@zdnet.com,njpJtMWISo0,7403284098,01-07-2017
Chancey,Laugherane,claugherane7j@wp.com,gEUFPfTyg,8524127293,02-10-2015
Tab,Brownbill,tbrownbill7k@blog.com,Ggvc7Fij,4423714873,12/26/1991
Sibylla,Costin,scostin7l@blinklist.com,qWoLl3JMd,4913827876,06-10-2004
Tamarah,Rehm,trehm7m@wix.com,TVkrxDgM,8527465235,01/27/2010
Abbe,Hallitt,ahallitt7n@mit.edu,BfwlboYN,5525973778,12/19/1997
Idelle,Segrott,isegrott7o@artisteer.com,b75thIRXelv,4755948545,05/15/2009
Glen,Philpotts,gphilpotts7p@seesaa.net,FSk7hQZ5,1421248723,11-06-2010
Jeth,Fearick,jfearick7q@stumbleupon.com,tgOCUVjBw,3975554379,01/31/2003
Arlee,Wedge,awedge7r@jugem.jp,3g2OUYai,4208562836,12-08-2005
Ariel,Revens,arevens7s@chicagotribune.com,EolPBZjJ1BO9,5003752693,04-02-1990
Shoshanna,Souster,ssouster7t@oakley.com,7nGIIp,6589335505,04-02-1991
Lynn,MacDavitt,lmacdavitt7u@furl.net,0RyWIiewe5X,6262921384,07-09-1999
Ahmad,Frayn,afrayn7v@a8.net,WRn44Es,7605701908,02/21/2009
Glennis,Willatt,gwillatt7w@dedecms.com,XUsHSNc6FxBD,8079273045,01/25/1993
Harrie,Mayou,hmayou7x@google.cn,rQuceabGQo,1081683702,05/24/2011
Martie,Cochet,mcochet7y@biblegateway.com,HcQJmq1Dum,9921144582,09/23/1991
Florette,Burberye,fburberye7z@hexun.com,HIW2JP,7527184766,09/27/2015
Rivalee,Pluthero,rpluthero80@shinystat.com,EtHpsqM,5476605996,11-02-2009
Mikaela,Arni,marni81@netscape.com,Ro3DAGf,2767335732,08-04-2021
Tine,Smetoun,tsmetoun82@scribd.com,B7OuB69,8174852684,03/30/2013
Cindelyn,Featherbie,cfeatherbie83@cbc.ca,6S6KBg,9809320424,03/26/1996
Rodrigo,Devons,rdevons84@cpanel.net,gW09FTO,7637055559,10/24/2005
Reggy,Povele,rpovele85@census.gov,QlbLt91wNRc,3598882081,08-06-2016
Alta,Sowray,asowray86@discovery.com,xh6NKBloOZAM,8769678707,05/23/1993
Sigmund,Clooney,sclooney87@slate.com,hv3RferVId,8948282790,12-11-2016
Leonora,Quarry,lquarry88@pbs.org,9t3znI,3506545546,02-08-2005
Meggie,Gunny,mgunny89@linkedin.com,CXkUtPsh,8247168934,11-05-1993
Ilaire,Eagell,ieagell8a@github.com,Slfdoz,7342105066,08/15/1993
Tiler,Sivills,tsivills8b@cornell.edu,VShWBN87n7,9351425008,11-04-1996
Madlen,Narracott,mnarracott8c@nymag.com,mASbCym,1068669418,07-10-1991
Meade,Mattaser,mmattaser8d@ca.gov,4uqWyW1m,6076275646,11/14/1997
Carla,Shine,cshine8e@example.com,QcdRIYnSM6k,9594451653,03-05-2013
Emelia,Gullick,egullick8f@list-manage.com,LdMHq7R,8328250493,06/19/2003
Arnold,Casier,acasier8g@lycos.com,iWhpCRyeX8,7971243578,03/14/2003
Berrie,Olliffe,bolliffe8h@ucla.edu,XmKq8cbxU5UH,1402030297,04/13/2000
Merla,Petrulis,mpetrulis8i@ftc.gov,KAPF8T7nT,6301044454,01/21/1999
Laurena,Andrault,landrault8j@mozilla.org,TEyfHH,9195432098,04/16/2008
Benjamen,D'Errico,bderrico8k@miibeian.gov.cn,7CyFj6QOxltV,3973952357,07/14/2013
Rhetta,Hazell,rhazell8l@gnu.org,6acO1so6E0Cw,5892081654,05/22/2011
Madalena,Beccles,mbeccles8m@yelp.com,tqC0t9NUe1W,5597394393,02/28/1997
Sully,Eilhart,seilhart8n@xrea.com,N52ezqj5,2113062426,12-07-2004
Dede,Burne,dburne8o@cnbc.com,jA5sNjO,1484388258,03-09-1992
Port,Irons,pirons8p@ibm.com,8zLtEgmxY8,7827652008,08/25/2015
Perceval,Martschik,pmartschik8q@va.gov,8T5ZTv4,8976177312,07/25/2004
Orella,Rodolf,orodolf8r@wikimedia.org,DoWJ8J,2483798491,08-05-2019
Heywood,Kettow,hkettow8s@soundcloud.com,4p0jscACqJr,1968723303,07/17/1990
Louella,Smallacombe,lsmallacombe8t@topsy.com,NAnKwnAFXffJ,6865743715,08/21/1997
Dara,Guillou,dguillou8u@surveymonkey.com,GjqRtMjiY3m,3139515987,12/15/2004
Brita,Pitkins,bpitkins8v@myspace.com,NtS62No,7896392485,02-06-2002
Arlina,Stubbins,astubbins8w@ibm.com,mR7ZXE,8017265690,01/15/1993
Shepherd,Pakeman,spakeman8x@cdc.gov,zwy88j,6204991846,05/18/1995
Luz,Arthur,larthur8y@w3.org,3zHoaHH7JdN,4945363152,07-04-2005
Cecil,Joscelyne,cjoscelyne8z@un.org,9vSeyl2Y,7167066459,07-01-2003
Carlynn,Buddington,cbuddington90@joomla.org,TTHyFdwvqY,6665376066,07-09-1991
Sallyann,Brosel,sbrosel91@squidoo.com,HOiLdc8DxCBP,1609336653,12/18/2019
Abram,Cronin,acronin92@mail.ru,ZX5VIt,9259341605,12-07-1998
Alley,Boosey,aboosey93@house.gov,UtBNlVC8,4223311633,04/21/2008
Valeda,Matschuk,vmatschuk94@photobucket.com,7eXcN2q32,6117123137,11/25/1990
Jilleen,Hacquel,jhacquel95@altervista.org,Cqu5Pul,5663271320,01/24/2013
Karoline,Chivers,kchivers96@exblog.jp,umOqrz3rrges,3335109854,11-05-1998
Bart,Flores,bflores97@aol.com,zJL3MjvXfU,7736602010,01/25/2016
Gene,Cadden,gcadden98@ftc.gov,uvLUnsp2ZT,1812496440,10/25/2021
Cosette,Ricciardello,cricciardello99@gov.uk,Ym0JINZy,2866761453,10/15/2012
Reggi,Iacovacci,riacovacci9a@paginegialle.it,3oWbMH,4944427193,08/19/1998
Hallie,Smerdon,hsmerdon9b@mediafire.com,bWYm33eIqd0r,4457079426,01/22/2017
Diane,Lowndsborough,dlowndsborough9c@tamu.edu,EyLiVYH,6438696408,05/31/2017
Gib,Ary,gary9d@usnews.com,oSXVdGjH,5341177551,09-10-2004
Bridie,Leheude,bleheude9e@themeforest.net,YPpWhqtqgxqb,8129698309,10/14/2002
Jeannine,Tapton,jtapton9f@baidu.com,VCh7PkKReXm,6827688147,05/18/2017
Damon,McOwan,dmcowan9g@cnbc.com,fiNXhA,5255576653,05-01-1993
Markos,Blunsden,mblunsden9h@slate.com,xMvkcMJhYu,5309273977,10/27/2001
Vince,Darlow,vdarlow9i@mozilla.org,GZauIsn,2387345243,01/25/2006
Ariel,Winstanley,awinstanley9j@huffingtonpost.com,ApHb1cUroC,4412455168,09-11-2010
Maribelle,Cresswell,mcresswell9k@deliciousdays.com,IFHn25P,5308059726,05-12-1998
Fidelity,Fawlo,ffawlo9l@technorati.com,iYY4GLL00Pa,2878157051,11-05-2017
Perl,Fraine,pfraine9m@addtoany.com,odWfps2XUW,9004766274,05-10-1990
Benito,Fortnam,bfortnam9n@howstuffworks.com,dqVx8A4GcC,4452935683,11-09-2018
Nance,Imlin,nimlin9o@apache.org,mmpta115hYu,4845890577,11/17/2009
Miran,Bownas,mbownas9p@rakuten.co.jp,eWSsAJBju,4544077629,02-05-2021
Shellysheldon,Delhanty,sdelhanty9q@newyorker.com,L6fkeYGh8P,1847052043,07/20/2013
Armstrong,Adamo,aadamo9r@multiply.com,gkbRre2bS,4874684458,11-09-2012
Erinn,Auston,eauston9s@state.gov,QHL3xtl,3426539274,04/14/2014
Costa,Cordeux,ccordeux9t@hibu.com,hqYzaQE8a0,8881273890,02-11-2002
Nikoletta,Ribchester,nribchester9u@networksolutions.com,jfCU2kJ,9167496742,09/29/2017
Jarrod,Gricks,jgricks9v@wikispaces.com,krWNIvH,4867232611,06/21/2010
Forrester,Walkden,fwalkden9w@discovery.com,Tq6GX6iUQ,2368141915,01/28/2001
Roseanne,Clogg,rclogg9x@hibu.com,XK4fZYcO,2915400313,09/15/1996
Tito,Elliff,telliff9y@symantec.com,UlkFn4YgP1GC,1879976441,05-06-2016
Meredith,Kay,mkay9z@eventbrite.com,uA2Oo0tlMLWg,2532567721,07-05-1994
Red,Giller,rgillera0@clickbank.net,LPYdA4v,8107595491,11/15/2011
Monique,Bunn,mbunna1@house.gov,Jky2wOaOnoff,3573374625,12/27/2008
Tommie,Kaplan,tkaplana2@dell.com,xiVo0lps8yO,6496608148,05/26/2009
Felisha,Dennison,fdennisona3@jalbum.net,d2DUWEy5QD,3128009697,10/28/2005
Janine,Lavallie,jlavalliea4@netscape.com,zLlFCm,7375702454,01-02-2012
Tibold,Langtree,tlangtreea5@umich.edu,0KYsZ3Yd4,8855029242,03/14/1999
Fanny,Fuke,ffukea6@bigcartel.com,D2nMnKIZaLF,3266887639,07/25/2018
Judah,Housegoe,jhousegoea7@hatena.ne.jp,EI45M3dF,4862172101,05-08-1996
Lanita,Brahm,lbrahma8@g.co,JFMAci,6185734967,06/21/1995
Sidoney,Colam,scolama9@intel.com,13kaqKY,5769103258,11/25/2008
Carena,Cline,cclineaa@oakley.com,Tvo5yF218g,2318601378,10/18/2001
Darsey,Mavin,dmavinab@webeden.co.uk,tSxrKU,1185803490,05-09-1999
Claiborne,Bourbon,cbourbonac@github.io,qbSNXSn,2028797380,08-01-2009
Randell,Bland,rblandad@umn.edu,BkLfDCJ2M,3466859892,10/17/2011
Irving,Hinrich,ihinrichae@1und1.de,QLXRxn66I,1291488917,09-12-2013
Rachel,Yakobovitz,ryakobovitzaf@mit.edu,mdITkzBXcluP,6426316898,10/20/2015
Dougy,Cleveley,dcleveleyag@fema.gov,qsXdKhQb6yOp,6256887815,04-09-2001
Zulema,Corking,zcorkingah@oakley.com,YOEQDYo0EPm7,7353049846,10/13/1990
Rodi,Woolvin,rwoolvinai@paypal.com,1Z8abwDO,2689456682,03-01-2011
Charmine,Poyle,cpoyleaj@linkedin.com,B7WMGfHkpV2,6935655903,06/26/2012
Eziechiele,Buck,ebuckak@networksolutions.com,pMxG3Ii3El,6272052950,03/29/1993
Boony,Bavidge,bbavidgeal@amazon.com,Zbakh4T,7746063060,11-03-1990
Grenville,Thomsen,gthomsenam@google.de,CT3dq00ChMwb,4941245334,04-02-2012
Viviana,Montier,vmontieran@economist.com,QcmbqDx0,4427552727,12/16/2003
Jennifer,Satterlee,jsatterleeao@msu.edu,DdcAobnSs,1947750735,08-11-1998
Arlena,Brill,abrillap@newsvine.com,zlTKmp1yQLeK,7418522541,11/14/2010
Angel,Webster,awebsteraq@surveymonkey.com,ci6eIZ4XZ,9727874333,12-09-2006
Kevina,Deval,kdevalar@amazon.co.uk,5ZaT2p,1156676889,09/17/1993
Margie,Nissle,mnissleas@nsw.gov.au,rMCS02fmy7,5875596517,07-09-2018
Morganica,Pulford,mpulfordat@smh.com.au,Cu1gsLio,5666073636,07/19/1994
Erhard,Heinzler,eheinzlerau@blogspot.com,ymevWzH,3733105764,11-03-2007
Duncan,Dilston,ddilstonav@unc.edu,xYNzSdhsTIzF,9002528328,08/30/2016
Sayre,Constanza,sconstanzaaw@dot.gov,XJQMSKz,5129778880,02-12-2008
Ingaborg,Tutsell,itutsellax@addthis.com,ly9r7RU,3328359878,06-01-2002
Kristos,Bentsen,kbentsenay@newsvine.com,yFgZ1jTDZm,2968826525,11/26/2005
Octavia,Geal,ogealaz@vinaora.com,OeWvy8mZTB2,2343087736,09/15/2004
Vin,Jude,vjudeb0@economist.com,Tq6Sfc,6366861767,09/18/2007
Mord,Looby,mloobyb1@cornell.edu,zfQDSo,2966848374,05-07-1994
Quintin,Ronan,qronanb2@usgs.gov,MGDAAlkAJ,3886676581,10/26/1998
Nonah,Mathet,nmathetb3@about.me,dSWfFqUjlEoX,4036718035,01-02-2003
Galvin,Hakewell,ghakewellb4@army.mil,BjPplNDyX,5318850490,11/18/2000
Pennie,Poure,ppoureb5@chicagotribune.com,niCp4FfhVWu,6307564288,06/18/2012
Marsha,Culham,mculhamb6@indiegogo.com,KJtJFlEp,4215286223,09/20/2021
Francyne,Haw,fhawb7@scientificamerican.com,TKMdtxs,9942002313,07-04-1992
Vivienne,Crotty,vcrottyb8@google.fr,fGbITJg2hmVG,5136233159,12/14/1990
Roberto,Reimer,rreimerb9@xinhuanet.com,02rVrF6,7096676594,08-09-1992
Elmira,Ettritch,eettritchba@pinterest.com,XNcjRqxpdO2t,6438585986,05-10-2018
Darell,Patek,dpatekbb@lycos.com,oUzYXj,2441181245,10-10-1993
Shir,Murt,smurtbc@usda.gov,PtKFuptks,5725046254,08/17/2006
Jillene,Borg,jborgbd@gov.uk,vqGge5p9,8931468979,12/20/2003
Dalenna,Rawes,drawesbe@guardian.co.uk,U0UrAA4x,1967751319,04-04-2000
Nikolos,Schleicher,nschleicherbf@ning.com,WwJopYA7nB,4952146813,10/23/2001
Else,Espin,eespinbg@answers.com,TxOCfj,5857238883,02/15/2012
Rich,Doerrling,rdoerrlingbh@yelp.com,WhTWBJGeA,6932905092,03/23/1996
Tamara,Manton,tmantonbi@indiegogo.com,1oNldpW,7506410987,09-06-2010
Terrye,Stanhope,tstanhopebj@skyrock.com,JuRet2XZ,8689192384,09-07-2002
Mellie,Ruskin,mruskinbk@hc360.com,muhttD3l,9753118340,01/20/2002
Krysta,Tewnion,ktewnionbl@cpanel.net,9JGEa6pCr,7382963120,09-11-2017
Philippa,Couper,pcouperbm@ft.com,KzTyM0HtUE,8258550907,08/15/2012
Nelly,Argo,nargobn@lulu.com,yY0aAgjgVa,5139520366,02/27/2010
Somerset,Forsdyke,sforsdykebo@howstuffworks.com,Ie83MI,7625684768,10-10-1999
Wallache,Champneys,wchampneysbp@cloudflare.com,d4xaBYO3,5547220253,08/17/1991
Bunny,Scrimshire,bscrimshirebq@mozilla.org,Igu62UH,8272344456,09/18/2002
Gayel,Marsters,gmarstersbr@forbes.com,a3EEuYh,8691795813,06/13/2003
Berget,Dimock,bdimockbs@cyberchimps.com,r3NVGcB,6251671276,06/15/1991
Cob,Dunn,cdunnbt@squarespace.com,hGbfIJcwQ0U,8961442146,08/19/1995
Jeddy,Bartalin,jbartalinbu@fc2.com,G2Z8V77Kgr,4745563375,03-10-2011
Diena,Sharville,dsharvillebv@ihg.com,r2t8aNjMBrt,1401747530,03-03-2005
Laird,Giddons,lgiddonsbw@1und1.de,8JZ8lpjSNuS,5037004455,02/14/2009
Marleen,McEllen,mmcellenbx@google.ca,4aC9e2Dpm7,5267816265,06-09-2014
Melany,Petric,mpetricby@geocities.com,r6eSvv,5918581246,04-01-1996
Bryan,Fennick,bfennickbz@wikipedia.org,051o04jWl5,1724554797,05/14/2001
Deedee,Ilyas,dilyasc0@archive.org,jn1I7owR5,1719920407,08/26/1997
Veronica,Dines,vdinesc1@list-manage.com,EIvQB3p07A,4312116272,03-12-1993
Eli,Minucci,eminuccic2@slate.com,KN03HNc9,1877890930,12/22/2010
Alecia,Disbrey,adisbreyc3@patch.com,5GQjqyfa9,3584539268,03/26/2011
Halli,Hardman,hhardmanc4@devhub.com,UeRJJX5B,3542227548,06/24/2006
Lydie,Arias,lariasc5@amazon.co.jp,tqXbFaRlURV,8841125222,08-03-2000
Dolly,Vose,dvosec6@sogou.com,ZlF0eI,7087514969,05/25/1990
Gunther,Wheildon,gwheildonc7@about.me,aaagQ9E6,8706797932,06/26/2012
Leticia,McTurk,lmcturkc8@1und1.de,JPwWycMf,5532870461,02-05-1996
Konstanze,Curley,kcurleyc9@aol.com,mM3qVX,3545616863,07-07-2003
Archie,Hutable,ahutableca@answers.com,uTMVUS0kGdp,1089521164,07/30/2009
Alex,Hiley,ahileycb@jimdo.com,r43Mxwh60,1107429959,12/30/2003
Phylis,Dessaur,pdessaurcc@ihg.com,nrxdB4tbV1mi,9019472342,11/14/2021
Skelly,Russon,srussoncd@tumblr.com,e6FQKDHAV,3033187637,07-03-2003
Franni,Ovenell,fovenellce@state.tx.us,UJPn06S4,5421948017,01-03-2020
Starr,Mattke,smattkecf@google.nl,YSXcXGg6w,1239711884,06/27/1991
Ninetta,Braidon,nbraidoncg@bbc.co.uk,rqVQOug1ag,7889898787,07/25/2021
Tess,Glassup,tglassupch@salon.com,5Y2ruF6,9771622649,06/30/2005
Linnet,Simson,lsimsonci@nba.com,RpIRWcD,8922588777,11/17/2019
Clair,Chataignier,cchataigniercj@cpanel.net,S6waX2w,2699262275,11-11-1994
Siffre,Seiller,sseillerck@huffingtonpost.com,8B5FjjV,8856173834,09/21/2015
Auberon,Wiz,awizcl@blogs.com,VqwVhP5N,1016382888,03-02-2016
Zarah,Foden,zfodencm@people.com.cn,SwbaJDPm8HTx,3615174755,03/30/2020
Allayne,Shovelin,ashovelincn@desdev.cn,7cTo6oE,6986650873,07/17/2016
Riva,Raggatt,rraggattco@europa.eu,9DegzVd1,6885909596,02-02-2015
Elane,Bunton,ebuntoncp@g.co,SAnnmi,8929078668,01/25/1994
Feliza,Daily,fdailycq@4shared.com,bioQh7PD,7425060420,03/30/2013
Worthy,Salmoni,wsalmonicr@bloglovin.com,ISFyKDv5,8416450580,08-04-2020
Titus,Lamonby,tlamonbycs@storify.com,sT6rikux,5812658011,02-02-1998
Rodrique,Arkil,rarkilct@barnesandnoble.com,lP47FPj8y7g,3715344378,03-04-2010
Hew,Roussel,hrousselcu@linkedin.com,FFBoL0n,6195320237,12-02-2021
Nessy,Lanegran,nlanegrancv@fema.gov,bW5g1qU,8063842507,07-03-2016
Marlane,Currm,mcurrmcw@taobao.com,0IxiV1Am,4414633402,10-12-1993
Ailene,Allport,aallportcx@flickr.com,9WlyG8WEXW7,7443611407,05/13/2007
Cassie,Trusler,ctruslercy@google.fr,KprAZl2m2LFi,9279428754,09-04-2021
Kellsie,Frenchum,kfrenchumcz@flickr.com,Wa8KoMy4,9935674688,01/20/2020
Arlan,Purseglove,apursegloved0@sciencedaily.com,M3yJNoCOuD9,8102915378,10-01-1992
Dene,Gibberd,dgibberdd1@gmpg.org,cxsU0LcgqUfD,7524509190,01-02-2011
Haze,Hands,hhandsd2@newsvine.com,dnbryhpwR,5446541545,12/15/1998
Aurore,Giffaut,agiffautd3@wikia.com,L9MgIVGJ3tp,6052108829,04/13/2011
Maurita,Pogg,mpoggd4@cam.ac.uk,wNfmNTaOfW,9869614760,04-06-1993
Arch,Greir,agreird5@privacy.gov.au,yTfbmU0UQD,4095099014,08-03-2014
Neale,Kersaw,nkersawd6@unicef.org,b9CunKp92RTm,2482562392,07/15/2000
Beret,MacCard,bmaccardd7@bravesites.com,788vAReFXm,7752068770,07/22/2018
Jodi,Samett,jsamettd8@seattletimes.com,vrpRyndbJ,3343738047,06-02-1994
Shem,Gehringer,sgehringerd9@ask.com,SLM9REzv,7852261118,06-09-1997
Rosita,Covington,rcovingtonda@msu.edu,IRWY3TEGVAOh,3016592511,10-11-2014
Abigale,Lomas,alomasdb@princeton.edu,jMTXsS,6726797117,06/25/2019
Angeli,Spuner,aspunerdc@narod.ru,0eWAZcxq,2976681938,08/21/1994
Chrisy,Grayshan,cgrayshandd@themeforest.net,Cn6ak0qHhKgZ,1657108116,12/29/2007
Margeaux,Hallin,mhallinde@zdnet.com,91H5m0Zl5m,1935157684,02-02-1996
Holly,Bener,hbenerdf@bizjournals.com,IhyMFiticKwr,5624947078,01-10-2019
Ema,Mc Cahey,emccaheydg@cnn.com,rMVVSRaD,8315699716,12-12-2020
Stanford,Bletcher,sbletcherdh@shinystat.com,Vu7BfS,8258762773,01-04-2013
Rori,Rideout,rrideoutdi@businessinsider.com,64DyPT6o7Zb,8276621935,03/22/2003
Vernen,Roake,vroakedj@ihg.com,WmekRxE,5015398227,03/17/2008
Sig,Pavlenko,spavlenkodk@yellowpages.com,4jEz0c,7962626814,11-09-1992
Marinna,Willshaw,mwillshawdl@ustream.tv,WlHlAARyGdU,9682938709,05/30/2016
Pauletta,Ambler,pamblerdm@cargocollective.com,vyFsm90Qcor,7344902494,04/21/1998
Charleen,Joselin,cjoselindn@desdev.cn,Wm5hsSBKH,3362240227,05-09-2008
Ralph,Sparshott,rsparshottdo@oakley.com,5t08W5f5l,3929455554,06/24/1999
Nicolina,Collen,ncollendp@indiatimes.com,p2tsG7iO20R8,8129423824,04-03-2002
Joana,Oppie,joppiedq@ebay.com,LkcDum5a9YFn,1304057786,04-02-2019
Teriann,Seamon,tseamondr@wsj.com,jqxvU5mgP,2286164876,03/22/2011
Reginald,Lerway,rlerwayds@nymag.com,vl524I,7088293200,04-05-1997
Felicity,Frackiewicz,ffrackiewiczdt@oracle.com,KNIKcnPEeb,6403042854,09/15/1993
Bunni,McGonigle,bmcgonigledu@ucsd.edu,SmvNImSohH8,6463003237,01-06-2002
Kelly,Pounsett,kpounsettdv@vinaora.com,MOfd5yO8CCOD,7681473651,12/20/2016
Jesse,Hedde,jheddedw@mozilla.com,4FtakZTH,6872389246,11-09-1999
Adolphe,Rubinov,arubinovdx@ning.com,BXwVnuv,8682726875,03/18/2020
Lanna,Fierro,lfierrody@fastcompany.com,RMpX2ps9N,5531474318,04/22/2020
Aurie,Woolaston,awoolastondz@google.it,ixywtmy83f6n,6422918032,04/17/2019
Fay,Searles,fsearlese0@washingtonpost.com,q7fTJdXiS,3198093648,12/18/2017
Annabel,Twinning,atwinninge1@tripadvisor.com,5s8WZC,5684540644,01/18/2004
Elicia,Ridsdale,eridsdalee2@imageshack.us,LkI37f8JPx,7536922309,07-08-2001
Tulley,Furze,tfurzee3@plala.or.jp,t3Ykph,6917194525,04/20/2000
Gordie,Pyford,gpyforde4@jugem.jp,SExNKBEH0arr,1316141662,06/30/1999
Jedidiah,Agdahl,jagdahle5@examiner.com,LnXcFjCz7V,9715606480,12/22/2000
Juana,Castelletti,jcastellettie6@businessweek.com,NuQsHntIXw6,3704388484,08/24/1994
Thatcher,Pifford,tpifforde7@mashable.com,DocHcUN,4069038523,10/26/2013
Ellary,Von Gladbach,evongladbache8@sciencedaily.com,E308Phd2,9123523416,02/21/2017
Tamma,Priver,tprivere9@nyu.edu,3QFeGa,6916642263,01/18/1994
Barnie,Ducarel,bducarelea@t.co,4t39QSV,3472303786,08-10-1992
Carole,MacAllen,cmacalleneb@jigsy.com,DVdjNt,5353334082,12/27/2000
Kelsy,Lefwich,klefwichec@ucsd.edu,WZdmTIisVy,2889018066,01/30/2010
Abel,Thorns,athornsed@theglobeandmail.com,gArXnKgMnPlI,9152757397,01/19/1999
Rodd,Grendon,rgrendonee@economist.com,i2dP5Eodi3f,5596492436,01/21/2000
Mikkel,Gumbrell,mgumbrellef@friendfeed.com,bfUGzJth4,7415868852,07-04-1991
Anne-marie,Dutton,aduttoneg@theatlantic.com,PGO52Tgm,8278560595,05-07-2014
Mitchael,Stiell,mstielleh@vkontakte.ru,XBYLO5cV2P,6918142343,04-10-2015
Faulkner,Ashwood,fashwoodei@privacy.gov.au,S94gmVKdbCQg,3415822696,03/27/1999
Mattie,McKeran,mmckeranej@thetimes.co.uk,mxclkbQ1OBNJ,5373948326,09/24/2008
Rafaelita,Piburn,rpiburnek@ifeng.com,qLSdP2ccNnD,4546847487,07-09-1998
Gerianna,Hull,ghullel@phoca.cz,Z5SaU4yZC6,7308672095,09-04-2021
Harper,Hurn,hhurnem@ycombinator.com,DaXOsTR,4812284187,04/22/1998
Renado,Seer,rseeren@miibeian.gov.cn,tPoJxgLRGkv7,1268054489,04/13/2017
Hymie,Breinl,hbreinleo@163.com,E4cgd6VM,6815191656,05-03-1991
Bea,Duckering,bduckeringep@cbslocal.com,qDhi09oe1,8172452304,09/22/2021
Viviana,Fadell,vfadelleq@java.com,7Yna7sUzgCIy,2236648373,11/24/1991
Ulysses,Leabeater,uleabeaterer@nifty.com,8ORTZ7Dg,7459777943,08-02-1999
Krystle,Durant,kdurantes@creativecommons.org,cX1dBXskMtd,6134046325,05-09-2005
Candace,Moorman,cmoormanet@earthlink.net,zaP3GYobB0,2319349805,03/13/2015
Melinde,Trimmill,mtrimmilleu@wsj.com,yatoIBQ,4776864909,08-07-2004
Phedra,Goodredge,pgoodredgeev@springer.com,LFKicNFM3,6401714603,08-06-2018
Anya,Oakeby,aoakebyew@abc.net.au,7paw3w,7151578107,08/21/2017
Rossy,Bouts,rboutsex@hhs.gov,87mmPaEAJV,1921140126,01-01-2008
Lynna,Frarey,lfrareyey@1und1.de,KpqQzP60p,9264664459,10-06-2015
Raine,Mitchenson,rmitchensonez@cbc.ca,jcO5LXpR,6155032069,11/24/1998
Sherie,Duer,sduerf0@bloglovin.com,5QEI0sYMZ,2733685296,03-10-2013
Jo,Switzer,jswitzerf1@nba.com,31s9JbEs5,5104174769,08/28/1997
Lyle,Greatbank,lgreatbankf2@zdnet.com,lCO3JH,4478084550,10/28/2006
Berni,McAless,bmcalessf3@ezinearticles.com,MePAg8f7vm,9177619175,02/28/2015
Sheeree,Climie,sclimief4@aol.com,zTseXOX2fK,1491368708,07/23/1994
Celie,Lappine,clappinef5@tumblr.com,k5TLwRwHP,6705287589,05-12-1991
Gaelan,Lishmund,glishmundf6@dropbox.com,BPbVUC7x,1862069506,02/27/1997
Shane,Maben,smabenf7@forbes.com,YvzWuuHxj6,6248931672,02/28/2021
Carie,Elam,celamf8@berkeley.edu,rAHKTUCaKA,2617164617,08/21/1998
Bunnie,Purry,bpurryf9@about.com,sP6MZb1v,3134465401,01-08-1993
Maryjo,Biskupiak,mbiskupiakfa@cocolog-nifty.com,KYSBkZSZ2,9439544215,11/27/1997
Charmian,Birchwood,cbirchwoodfb@wiley.com,i7nhJM,6758829803,11/23/2016
Flory,Kalvin,fkalvinfc@mtv.com,1glOgV2gWq,2675256056,04/28/2003
Cookie,Male,cmalefd@state.gov,sTugD2OzJ,1961304015,11/20/2010
Judye,Clancey,jclanceyfe@imageshack.us,byDYlZP8,4133504990,01-02-1993
Robby,Eiler,reilerff@virginia.edu,hTq8NMpglL4,6786557726,08/22/2000
Gus,Dawidowitz,gdawidowitzfg@pagesperso-orange.fr,kF78yhs6vC,3688567841,04/27/2003
Maxine,Richly,mrichlyfh@slashdot.org,XsfUqtw5,6774016567,01/30/2018
Tatum,Beauman,tbeaumanfi@mayoclinic.com,RkyAt1p,8733949903,01/27/2009
Burch,Ridhole,bridholefj@oracle.com,D2SmU9Bh,8605758574,04/24/1990
Denney,McCaffrey,dmccaffreyfk@nifty.com,BHY0xqEgRkJS,3426336245,04/15/2003
Wenona,Schultes,wschultesfl@jigsy.com,3dQhmT,5693504911,09/13/2007
Eileen,Peake,epeakefm@about.me,twXyqYK,3476208733,12-05-2017
Lorna,McLennan,lmclennanfn@google.es,x5iLaY,9495674621,11/14/1997
Leland,Cabral,lcabralfo@google.cn,xPXpXhVK5id,7569131695,07-01-2012
Tara,McQuaide,tmcquaidefp@networksolutions.com,NNX56Ie2Q84K,9488722294,02/26/2009
Nicola,Capener,ncapenerfq@paypal.com,0Mr1w0Mv56,5012126236,11-12-2000
Andrea,Throssell,athrossellfr@netscape.com,LY5gMGb,7919566993,01/29/2020
Rustie,Gain,rgainfs@narod.ru,p7qUuY2zU,8009495700,07/25/1992
Camellia,Meagher,cmeagherft@seesaa.net,YLc4jrOxb,9158096339,12-10-1994
Huntley,Doidge,hdoidgefu@mail.ru,Y7PnbR0EQ,2585711020,01/21/1992
Olag,Heavy,oheavyfv@msu.edu,oDcBuWeIl,7594365165,12/20/2010
Huey,Jenkerson,hjenkersonfw@1688.com,a2fmrlUMcX,9637235138,08-07-2001
Giuditta,Norman,gnormanfx@geocities.com,ckJPHNER,4383626798,07/15/1991
Vernice,Bordes,vbordesfy@virginia.edu,gQdkz9,1706171504,01/24/2000
Griffith,Garter,ggarterfz@photobucket.com,pQ0iZoXB,3499864849,02-02-2021
Shawn,Gardener,sgardenerg0@youku.com,hCOOqwPxgpJH,5498145963,11-11-2011
Gradey,Guion,gguiong1@zimbio.com,gTuzg4,4481710709,10/18/2008
Serena,Ainslie,sainslieg2@nature.com,1HocIKMZZG77,2196706563,08-10-1996
Carroll,Fever,cfeverg3@vinaora.com,lyihoYl5,2776090654,02-09-2002
Corbin,Perl,cperlg4@go.com,BYxEsWWzy,7885576592,06-05-2020
Gardener,Heatlie,gheatlieg5@sfgate.com,Vnf7UgS,8225614659,06-08-2017
Jamill,Mallinder,jmallinderg6@berkeley.edu,k952wL,1663976894,04/19/2019
Vernice,Vynall,vvynallg7@csmonitor.com,jlxLOj,8771431230,04/14/2004
Branden,MacAnelley,bmacanelleyg8@goodreads.com,cWnikc,5707954178,03/30/1999
Joly,Barrus,jbarrusg9@economist.com,J7sR5jwb,3183943015,03/26/1990
Janis,Chastand,jchastandga@telegraph.co.uk,BWJZoXm4quKc,8995695757,05/29/2019
Idell,Wrigley,iwrigleygb@freewebs.com,mEAeuiptPgw,8314076607,01/31/2006
Garvy,Blaase,gblaasegc@cbsnews.com,zAtcLIg,4067696064,12/20/1990
Darrel,Gotmann,dgotmanngd@mapquest.com,lqDUnTJ,7141676804,09-09-2002
Floris,Rounding,froundingge@wikia.com,Wr6vtx8f,7459130589,02/23/1995
Nestor,Thing,nthinggf@quantcast.com,3DOFa2wu,6553486888,12-03-1990
Nicholle,Ribey,nribeygg@google.com.br,eHlHdf,1669548548,10-11-1993
Justinian,Cleeves,jcleevesgh@bbc.co.uk,3fyP6dA,3482483907,01/25/1994
Beverie,Reston,brestongi@blog.com,dAg5i0efg,5892491936,04/15/1995
Jilli,Braddick,jbraddickgj@shop-pro.jp,QG9CnuI,8324601609,01/27/2021
Tildie,Cummine,tcumminegk@discovery.com,eO27EQQ,6442560211,07-10-2015
Cornall,Fortin,cfortingl@spotify.com,fpizdCwWQVpG,2782074720,07-02-2003
Andrus,Thys,athysgm@blinklist.com,dWWe2qMcWxg,8151609849,01/22/2003
Cheryl,Josey,cjoseygn@shutterfly.com,SWsZZ0YlP9,7637803340,02/22/2018
Stavros,Jutson,sjutsongo@java.com,8TD1sIdCu5,1334678266,10/13/2000
Andrey,Fulham,afulhamgp@earthlink.net,1H6C7W0hnx4i,2429184777,05/24/2021
Maggi,Wessing,mwessinggq@sakura.ne.jp,pG4IBhv,1823238686,03/30/2015
Delcina,De La Cote,ddelacotegr@photobucket.com,5Pwc8ezzJj,2105169889,12/16/2010
Cobbie,Bremner,cbremnergs@imageshack.us,2UVqIhsoGI,1146525134,02/14/1996
Carter,Jentin,cjentingt@ftc.gov,706CsKc,1238119816,12/17/2017
Margret,Barsby,mbarsbygu@livejournal.com,JkOOtpmG,6637365743,08/31/1996
Winifred,Kings,wkingsgv@discovery.com,ZAj7EhOubxW,5508821939,01/30/1994
Ilyssa,Kenn,ikenngw@gizmodo.com,eRpXDUR,7698530452,11/25/1990
Sandie,Goddard,sgoddardgx@intel.com,z4HqOBF3,7996943887,10/25/1990
Augy,Morgon,amorgongy@vinaora.com,7KihLxdg,3339701251,03-12-2000
Lurette,Pendle,lpendlegz@fastcompany.com,4rNgHkps,8393030276,05/24/2015
Ketty,Assel,kasselh0@upenn.edu,NVVXbqXSdHhj,2499896170,10/30/2016
Teodoor,Pomphrett,tpomphretth1@nih.gov,SPFZqK3Ld4,7722964733,02/25/2019
Isahella,Clevely,iclevelyh2@cargocollective.com,jTru2wcM,3631967853,03/17/2016
Lara,Philimore,lphilimoreh3@oakley.com,Icd9G49xQ6m,3362026997,01/13/2021
Bliss,D'Elia,bdeliah4@deliciousdays.com,MSb2mn0B,4146077187,09/22/2003
Clay,Sailor,csailorh5@cdc.gov,4yRFIr,2828062202,12/17/2007
Kelcie,Cage,kcageh6@google.com,UZ4aq7MqY,4328282078,01-07-1990
Ingeberg,Cranton,icrantonh7@blog.com,3L8BBPKZB,7827805019,10-11-2021
Feliks,Tredgold,ftredgoldh8@loc.gov,pVYBQD01prQ,1038675383,07/29/2003
Zea,Giocannoni,zgiocannonih9@macromedia.com,fT2rlp7bNA,9287597362,05-01-1995
Sigismond,Jerromes,sjerromesha@hubpages.com,p2nxA2f,8903251901,04/20/2008
Amos,Verrall,averrallhb@t.co,yGQyMLq,6671939128,10-04-2011
Fayette,Ranscombe,franscombehc@chron.com,bebyP9mUvXp1,3253116647,05/29/2008
Allison,Cleatherow,acleatherowhd@reference.com,ozGZGExplq0P,3929685583,12/22/1990
Carmine,Franzolini,cfranzolinihe@ihg.com,4pX67Yq7H,7656527931,01/21/1991
Tate,Thorlby,tthorlbyhf@chicagotribune.com,v1z50cL,5438167533,08/20/2012
Johnette,Summerill,jsummerillhg@answers.com,oiaMVYi7jF,1656111671,03/21/1991
Daphene,Smitheram,dsmitheramhh@apache.org,XAVJL2o,3962553199,08-06-1990
Kiah,Perfili,kperfilihi@github.io,STCqForMyX,9556010358,12/21/2017
Dar,Filmer,dfilmerhj@noaa.gov,6qjYSd,7943349534,06/21/1999
Feliks,Dearnly,fdearnlyhk@cam.ac.uk,KKOqMjBw,3955594625,08/15/1998
Dieter,Dutnell,ddutnellhl@nba.com,vagKuiS1iFpL,6391412556,05-01-2021
Elisha,Vaud,evaudhm@hc360.com,791MXPg84Bnv,1994848433,06/20/2003
Rourke,Malan,rmalanhn@timesonline.co.uk,9P02JhvCSPM,8158484150,09-10-1994
Yoshiko,Monteith,ymonteithho@indiegogo.com,YpMJxLWCs4,1389173033,11-06-1995
Scott,Greenhaugh,sgreenhaughhp@newsvine.com,YTKUXxFXF,9712357763,08/29/2014
Aldo,Zecchi,azecchihq@histats.com,NYqSTV,7923754738,08/22/2011
Idette,Akister,iakisterhr@linkedin.com,zcBnrXkdXH,6988627556,11/25/1998
Calley,Balfe,cbalfehs@go.com,mWYtkEf89dq,7297712195,03/28/2012
Munmro,Verson,mversonht@xinhuanet.com,PAdTuDxjF8,6683085786,02/19/1993
Hattie,Bubeer,hbubeerhu@gnu.org,Mb99DgQTBvI3,2748265087,07-09-1992
Mic,Dossetter,mdossetterhv@1und1.de,fX3jPtiRo,2806650933,10-12-2013
Horatio,Glanz,hglanzhw@bloomberg.com,2Qg93Hl,1413579270,01-01-2000
Thaddus,Synnot,tsynnothx@mayoclinic.com,XQB2nWv2QduT,5181509055,02-03-2015
Amii,Vayro,avayrohy@clickbank.net,OO77zFt063,7168231928,04-04-2008
Gwenora,Drewson,gdrewsonhz@wiley.com,phi7JgD,8935008287,08/18/2002
Shirlee,Cribbin,scribbini0@naver.com,IyOfnYwp,6415632304,07/16/2016
Jedediah,Leversuch,jleversuchi1@simplemachines.org,9lIwqvR8aXs,7593219147,04/26/2015
Atlante,Gun,aguni2@tripod.com,LnHPVz8GqVk,6513697629,07/27/2021
Gard,Orpwood,gorpwoodi3@ucoz.ru,wvuEnvaFBC,1521017120,03/27/1992
Ximenes,Bathoe,xbathoei4@ihg.com,VY34PwWe,4667322598,04/28/2005
Osbourne,Earingey,oearingeyi5@godaddy.com,h6OvHvTZXw,4629594225,05/21/2015
Martainn,Derby,mderbyi6@time.com,3MIK3zzbD,6841810845,04-03-1998
Clara,Josiah,cjosiahi7@canalblog.com,KxOkqH,2969887530,10-09-2009
Madalyn,St. Quentin,mstquentini8@sciencedaily.com,2B27P0KK,6639467709,12-07-2018
Sasha,Feaveryear,sfeaveryeari9@statcounter.com,R300OB,1906962615,09/14/2013
Bale,Willerton,bwillertonia@springer.com,qDA8sB,2485756440,11-10-1993
Trula,Buxcey,tbuxceyib@devhub.com,D8mietxaq,8856382491,02/16/2015
Corney,Rintoul,crintoulic@etsy.com,FeDB039FJj,4545436491,09/27/2017
Kahaleel,Crickmer,kcrickmerid@tumblr.com,Jd4gXr,4009099284,04/25/1990
Zulema,Daniaud,zdaniaudie@ihg.com,OlCeCVf3pn,9058839578,04/21/2019
Lyda,Waddicor,lwaddicorif@shutterfly.com,vPEg67oDn,8705168319,08/26/1991
Irwin,Baldcock,ibaldcockig@meetup.com,zBsCPNFM,2128937381,10-05-2017
Amy,Kinmond,akinmondih@prnewswire.com,U2KOpVpA4S,1721354795,05-06-2000
Kylen,Abrahim,kabrahimii@people.com.cn,veVmfOppsHy,9136933965,11-06-2005
Thatcher,Seabert,tseabertij@nsw.gov.au,g04ryF3G,1657387952,03/16/2010
Wyn,Aucourte,waucourteik@ycombinator.com,4AdlXdg,4329822758,09/28/2011
Donia,Corrett,dcorrettil@mit.edu,Zq6DHv5413Pw,9702778674,06-04-2004
Raphael,Siemianowicz,rsiemianowiczim@mtv.com,HWg2fazj,5482364569,03/28/2014
Maurise,Laugharne,mlaugharnein@facebook.com,5RVfBgR,8697244363,09/20/2002
Thorn,Kenninghan,tkenninghanio@desdev.cn,kc7OFu,9268143630,06/21/1997
Elsy,Halvorsen,ehalvorsenip@fda.gov,HRxzNp6E9EuB,6373200794,04/26/2015
Elizabeth,Abbe,eabbeiq@ustream.tv,0T4ntRlLpk,1621026062,10-06-2015
Elsi,Leas,eleasir@princeton.edu,O8NxNmr4d,8384643236,12/25/2005
Janeva,Brackley,jbrackleyis@infoseek.co.jp,PeS1lHTr2,4456879761,11-06-1998
Donica,Von Gladbach,dvongladbachit@deviantart.com,1DW7IXl,3565326196,06/23/2021
Louise,Rockey,lrockeyiu@i2i.jp,DeiIgZ2,9859784269,01/23/1990
Linet,Hymans,lhymansiv@1688.com,lEpc7yYb7G4,7351946224,06/27/1992
Mathe,Canario,mcanarioiw@sourceforge.net,Ewl9Cv90L4z,1388045827,06/17/2015
Morey,McKeggie,mmckeggieix@woothemes.com,ca3RFFKv1tE,2062849828,09/19/2010
Minda,Salasar,msalasariy@wp.com,CMBb8zs,9037778072,12/15/1993
Alie,Lovell,alovelliz@behance.net,6FXTIes,2185370356,07/29/2006
Gloriane,Fowden,gfowdenj0@yolasite.com,pQZjwEgyfNe6,7172978048,07-03-2003
Stafford,Darte,sdartej1@reference.com,2wYHsug,1743954233,11/21/1999
Lydia,Pilley,lpilleyj2@noaa.gov,TiUEeCU,4809991339,08-08-2012
Marne,Burkin,mburkinj3@goo.ne.jp,nCt2cf,9694591097,05/14/2002
Carleen,Truswell,ctruswellj4@ebay.com,zg0QgOm,7211717835,02-07-2004
Coriss,Clues,ccluesj5@umn.edu,xVIqwzD,9464115152,05-08-2000
Brittaney,Wilgar,bwilgarj6@csmonitor.com,67rs9MWLa,4055783272,05/23/2005
Anissa,Curtis,acurtisj7@gizmodo.com,237Tsj,2144621677,09-08-1991
Farrell,O'Shields,foshieldsj8@wp.com,2EdtB2,1785732257,04-05-2017
Fanni,Geydon,fgeydonj9@desdev.cn,wEHFGJn,8887528490,08/28/1990
Carce,Wotherspoon,cwotherspoonja@google.com.br,BM4spdQbsX,6834191537,02/26/2020
Nestor,Taplin,ntaplinjb@elpais.com,IS6W8HP,5335439655,02/20/1990
Thacher,Sallier,tsallierjc@amazon.co.jp,TZf7uY3O,9614858264,02-07-1998
Donny,Kerss,dkerssjd@live.com,hnvB9re5N,9667359593,05-07-2017
Catarina,Chapellow,cchapellowje@cnet.com,TRgo7s,1869839570,01/28/2017
Cynthie,Korneichik,ckorneichikjf@google.com.hk,yGX5cWkuDK,7108365762,09/25/2015
Artair,Guiu,aguiujg@google.com.br,oHko9Bhef,5654877648,09/21/1995
Ryann,Lohoar,rlohoarjh@globo.com,VycoxvN,4663390745,04-02-2020
Taber,Roelofs,troelofsji@economist.com,Wrsxk4Dx,3012350757,02/28/2000
Greggory,Doles,gdolesjj@ca.gov,qsh99YTSxv,8284679531,05/23/2003
Ilise,Lennon,ilennonjk@e-recht24.de,QMxW66rIr59,3044865404,07-07-2014
Rubin,Geraldini,rgeraldinijl@sphinn.com,299xRn9,8718802392,06-12-2003
Mickie,Leggett,mleggettjm@last.fm,fbUXqymMStrV,9305691825,09/29/1998
Donia,Brum,dbrumjn@scribd.com,9XqFIidwoak,6755566270,08/21/2011
Matti,Calabry,mcalabryjo@nasa.gov,iTq6upzrxtQc,8977739890,05-04-2003
Ax,Chaldecott,achaldecottjp@feedburner.com,MT4KAGikWb,5081091186,04/25/1992
Rickie,Suttill,rsuttilljq@cpanel.net,1Eled2hT,9871917571,09/14/1993
Ardyce,Burgen,aburgenjr@bluehost.com,Fsz9svrXi,2793008583,11/14/2004
Katerina,Gwilt,kgwiltjs@cyberchimps.com,4TUd6WPShVf,6148783347,04/16/2004
Sebastian,Ride,sridejt@yale.edu,R9kZrISAEt,7478764142,04-09-2013
Jo,Britner,jbritnerju@bbc.co.uk,lZd9oBypS0P,6036473598,02-03-1991
Erasmus,Sillars,esillarsjv@mediafire.com,q0MaZiMPfZ,9687137001,03/30/1998
Oates,Wyllt,owylltjw@shop-pro.jp,dY5pmYJZIaT,2616129315,05/17/2017
Terza,Belin,tbelinjx@vk.com,bWvITaLT,9665185519,09/13/1998
Chicky,Rickis,crickisjy@wufoo.com,HLUMKf4,7785494136,12-10-1996
Dana,Broe,dbroejz@ameblo.jp,biowtG2SL,9321325316,01/31/2016
Alethea,Reast,areastk0@zdnet.com,Onr0VZsa,7969032905,03/18/1993
Goldi,Marwood,gmarwoodk1@zimbio.com,gJhEoHPZ,6784439590,01/30/1991
Jeannette,Disbrey,jdisbreyk2@mashable.com,Bsl21yMp,9559402369,04/27/1995
Egon,Lowthorpe,elowthorpek3@upenn.edu,zEydh9bq,2912693261,01-01-2018
Petronia,Pochet,ppochetk4@nature.com,sRBspn,2312753871,01/20/2002
Elmore,Fifield,efifieldk5@a8.net,3d1XT6prXK,7494378745,07-12-1996
Molly,Benediktovich,mbenediktovichk6@deviantart.com,KeAvWICK6JxT,3794203307,05-09-2005
Sondra,McInerney,smcinerneyk7@photobucket.com,UsIY3NnA,4109982599,11/20/2011
Bert,Mylan,bmylank8@weibo.com,MslVexhBZ73,7226208082,01-05-2019
Felix,Shivell,fshivellk9@shop-pro.jp,ooP3Bvu0SL,1371064112,08/22/2003
Sidoney,Tarte,starteka@tripadvisor.com,1gNMa7wBoiM,8275271693,04/13/1993
Axel,Pydcock,apydcockkb@fda.gov,GdW94s3p,9589991659,03/13/2006
Nolly,Simmins,nsimminskc@scientificamerican.com,Z0WvbIaAkSW,3685430277,09/18/1999
Norry,Durning,ndurningkd@twitpic.com,ZSAqgK9EPNk0,7298469493,04-08-1995
Peter,Claxton,pclaxtonke@hud.gov,atRw9THqdHCc,7797575589,09/30/2000
Roberta,Yitzovitz,ryitzovitzkf@topsy.com,yrjdCP2MmFb,1042367637,04-06-2008
Noreen,Turnell,nturnellkg@blogs.com,nZbqw5mPpu,6372822267,05/26/1994
Alisa,Soonhouse,asoonhousekh@blogtalkradio.com,U6Mwtd6ITd05,3192746549,08-09-2008
Lucita,Biernat,lbiernatki@examiner.com,SYr0Jq,4082538865,07/26/2020
Demetri,Doram,ddoramkj@china.com.cn,FVSxsSjF53Nb,1283918668,04-08-2001
Lurline,Jupp,ljuppkk@drupal.org,L5jCh59FNQLo,2159441989,06-02-2020
Bret,Esmead,besmeadkl@cyberchimps.com,WyaPezGJfS1k,5926327288,12/31/2000
Beatrix,Mulvaney,bmulvaneykm@bloglines.com,PHJcXrNloRp,6794791622,02-09-1999
Dwayne,Mogie,dmogiekn@lycos.com,nQY7WeSZF,6337461903,11/18/2015
Sammy,Holyard,sholyardko@psu.edu,5OK9K4n,2711727554,03/16/1997
Ekaterina,Goalby,egoalbykp@salon.com,UIYkfWnM39z7,6939636137,10/25/2005
Heall,Bartlet,hbartletkq@squarespace.com,Fm4PrRYbS,8309041200,02/23/1997
Minda,Wheater,mwheaterkr@yandex.ru,lHlc04JFn,3749926938,02/26/2021
Mendel,Smedmoor,msmedmoorks@answers.com,PohRUxDA,5472494902,08-01-2007
Pattie,Golden of Ireland,pgoldenofirelandkt@theguardian.com,nnhQSfiz8h,2764493076,06/18/2014
Kristel,Mainstone,kmainstoneku@netvibes.com,Duq6fRB,1977782221,01/13/2007
Tan,O'Mannion,tomannionkv@google.ca,VMtiZ08V6X,7328437950,03/22/2004
Cybill,Penhearow,cpenhearowkw@about.com,NLgGkgRo,1652154418,06-01-2009
Herta,Giovanardi,hgiovanardikx@amazon.co.uk,tdLIHq0,1698112785,01/17/1993
Jere,Hastings,jhastingsky@tripod.com,aBl2dfG4r,4452649116,08/19/2021
Cy,Willstrop,cwillstropkz@free.fr,sIq3rdaJ4vWq,3011473735,12-06-1996
Gabriell,Andrzejczak,gandrzejczakl0@theatlantic.com,3slsIdOgk,7787449411,01/29/2005
Sally,Poat,spoatl1@51.la,54L8vwiOn,6101054936,04/22/1996
Franciskus,Jewson,fjewsonl2@amazon.de,QCVQGM,5779320944,05/13/2004
Lucian,Nutt,lnuttl3@spotify.com,DrIDledUj,6267350420,11-05-1998
Jefferson,Hedin,jhedinl4@dot.gov,CNVexxn,5834409593,04/23/2011
Alyssa,Delahunty,adelahuntyl5@addtoany.com,lBtLZ7ASPz9,6192728814,12/25/2006
Arlie,Saggs,asaggsl6@hc360.com,D3YVkDBP0y,2163722030,11-09-2020
Raychel,Pedlar,rpedlarl7@over-blog.com,xxMSoRq,9926977493,01/15/2011
Whitman,Tidmas,wtidmasl8@live.com,NcRvvP71KRup,2377480692,04/13/2012
Fraser,MacKettrick,fmackettrickl9@livejournal.com,TYeJIoH37,6585703341,07-09-2020
Lynnet,Leighfield,lleighfieldla@sina.com.cn,vqluCHamr74,2366167404,04-11-2004
Tara,Pettigree,tpettigreelb@slate.com,eqtrC8Bo,2726786604,05-01-1997
Urbano,Matczak,umatczaklc@theguardian.com,qlA8oPcOEA,7424234667,01-03-1994
Levey,South,lsouthld@cbsnews.com,UKWoLt,6975639436,01/30/2002
Minnaminnie,MacCallester,mmaccallesterle@jigsy.com,KNxQCr,5827407606,03-02-1995
Melli,Noton,mnotonlf@pbs.org,NWXPCbsxDsrL,5433900891,11-03-2016
Rutter,Kernar,rkernarlg@networksolutions.com,x9wKekiEy,1859054971,05/28/2009
Glennis,Culbard,gculbardlh@ezinearticles.com,h0dmcgTh3R,9714808492,10/19/2015
Jerry,Gittus,jgittusli@usatoday.com,9UQFMy,4812562101,07-09-1995
Kaspar,Walhedd,kwalheddlj@spiegel.de,V744chZd,3336133052,03/18/1994
Paolina,Troyes,ptroyeslk@squarespace.com,MTOnROeko3LN,3088379014,05-08-2006
Harriott,Waterstone,hwaterstonell@howstuffworks.com,6NGodlBzH,7623548070,06/25/1991
Aliza,Chidgey,achidgeylm@yahoo.com,lWUjSIrthA,7115599757,12/29/2009
Hayward,Gatrill,hgatrillln@csmonitor.com,pOarJ9YPnf,4577132332,01-05-1993
Berenice,Powley,bpowleylo@fc2.com,2JXGs5EmDTu,1252225104,01/26/1995
Alta,Mattioli,amattiolilp@aol.com,TRUX7gQW1Y,1437775084,08/23/2006
Euphemia,Kochs,ekochslq@timesonline.co.uk,aMcR5OnXEx,1202612316,09/24/2001
Yoko,Blaydon,yblaydonlr@ftc.gov,pDyHGlz5fPN3,5588005110,10/26/2018
Lotti,Balducci,lbalduccils@w3.org,mvJx8K6TZ,6386405965,10/21/2014
Alexis,Hume,ahumelt@berkeley.edu,AXSiEWJeVA2,6502501160,04/22/2000
Karlis,Jedrzejczak,kjedrzejczaklu@goodreads.com,K3vYHu5,1615344346,07/25/2004
Koral,Patifield,kpatifieldlv@goodreads.com,oyT9hrIoUj4,7669519710,11/27/2020
Tania,Oty,totylw@sbwire.com,kDc3nMB,6054876510,12-01-2006
Tannie,Fipp,tfipplx@tuttocitta.it,I137CeyVm5sI,3884965790,06-08-2006
Karol,de Courcy,kdecourcyly@ted.com,Nx5Sf9v5SQWF,1352257133,03/19/2011
Tracey,Reglar,treglarlz@t.co,ZAa1V7,1666844300,04/17/2021
Smith,Channing,schanningm0@joomla.org,OpYtKYr0hyB,1433699887,02/27/1993
Sonnie,Welham,swelhamm1@answers.com,mYk3ep0v,4441285431,05-05-2003
Katheryn,Waadenburg,kwaadenburgm2@apache.org,pO26JW,5592514141,06/25/2005
Emmy,Philimore,ephilimorem3@omniture.com,FqhspWKI,2678987932,02/24/1998
Delia,Perchard,dperchardm4@fema.gov,uZ6z2NcAn2r9,1316093094,05-03-2016
Amandy,Orviss,aorvissm5@newsvine.com,y0MuEBcn60U,8069609513,10-04-2000
Penny,Hurlston,phurlstonm6@facebook.com,Q0o38tuKxlIQ,4779707521,07-04-2020
Eward,Silbersak,esilbersakm7@oracle.com,h10HR7mF,4322876475,12/22/1990
Ellswerth,Jorat,ejoratm8@infoseek.co.jp,HQt8fy,5251615492,12/15/2008
Gard,Crosher,gcrosherm9@thetimes.co.uk,MOVgHq,4919633527,03/31/1996
Bogart,Whiterod,bwhiterodma@ca.gov,Cjk2Id69Q,9318039559,09-03-2013
Wylma,De Vaan,wdevaanmb@independent.co.uk,FK0847,3778883588,01/24/1992
Annora,Rayworth,arayworthmc@usnews.com,CI1uBqi,1373392085,04/27/2012
Wenonah,Woodison,wwoodisonmd@privacy.gov.au,nHhYhzjCGW,9609227611,09-04-2013
Neils,Billingham,nbillinghamme@huffingtonpost.com,RgrPB5bRAzQu,5129324284,06/24/2002
Jody,Finnes,jfinnesmf@parallels.com,aLAYPQAi1y6,9606368899,08-06-2001
Cordelia,Fetherstone,cfetherstonemg@zimbio.com,EH8eYWmFq,2055662996,03/19/2020
Kleon,Daws,kdawsmh@sina.com.cn,TEQZrTb1,8247815795,06/28/2011
Kakalina,MacCook,kmaccookmi@soup.io,1ZJdjvh5sF,4441836147,05-04-1999
Randolf,Gumb,rgumbmj@salon.com,av1HkGRIe27,6218495654,09/27/2019
Roi,Bracher,rbrachermk@yellowpages.com,v1FCmfML1,6765980952,09/26/2009
Danella,Milhench,dmilhenchml@microsoft.com,kWdOOGsz8XJ,4101819014,09-09-2018
Dell,Muzzillo,dmuzzillomm@ask.com,RxwsKxrvgtE5,7728826542,05/23/1990
Melodee,Burrett,mburrettmn@bigcartel.com,GnOUzb,5385968509,02/24/2000
Liv,Rockcliffe,lrockcliffemo@nymag.com,mDb67ju7GmA,3359112605,01-02-2016
Deana,Zavattiero,dzavattieromp@de.vu,NiEUl7qtbw,3699403609,12/28/1998
Cecil,McKeeman,cmckeemanmq@ustream.tv,FllQq3,3877763653,05-03-1994
Vilma,Blenkinsopp,vblenkinsoppmr@theguardian.com,Wz8QP5WL3FR3,7334260884,10/21/2009
Niel,Mattosoff,nmattosoffms@wikia.com,wQcVgm2bh,3084072940,05/27/1999
Catherina,Sizland,csizlandmt@ustream.tv,Lk0Suk40,9902972244,06/26/2006
Wynny,Burnyate,wburnyatemu@zimbio.com,OPymtmyd,8931488523,09-10-1995
Kimberli,Parris,kparrismv@miitbeian.gov.cn,Xjj3bk,8431402937,06/19/2006
Raeann,Ambrosoni,rambrosonimw@123-reg.co.uk,n833WeBJj3eU,5657225297,11-10-2013
Emlyn,Risso,erissomx@unblog.fr,xkRyDRX3HObI,9789206655,04-12-2003
Lou,Hollebon,lhollebonmy@phoca.cz,jJzOrJ,1764872351,09/25/2018
Gussy,Shernock,gshernockmz@nbcnews.com,j9dPtSPwX5pB,6685690688,09/15/2009
Gene,Hartin,ghartinn0@fc2.com,2NGZGHA,7364219403,12-05-2015
Kerianne,Pert,kpertn1@tripod.com,xYxME37asMd,4395502937,07/30/2012
Bryant,Smogur,bsmogurn2@intel.com,dBTCVNx,7488945529,06-10-2004
Robin,Giberd,rgiberdn3@slashdot.org,0Ecn6b,5976350439,09/26/2002
Timofei,Pitkeathly,tpitkeathlyn4@si.edu,7DS2cWkAwbu,1033927019,12/28/1991
Hedvige,Vile,hvilen5@soundcloud.com,YwnRO3OfbP,4461570535,05/25/2006
Hilliard,Belchamber,hbelchambern6@unc.edu,eIxp0ZxI,2794802016,09/17/2016
Saw,Galtone,sgaltonen7@tamu.edu,Qyv4lgz4BUY,8761549489,10-06-2012
Jandy,Olivella,jolivellan8@answers.com,fYUwfYG4edi,8332013893,07-11-1991
Caspar,De Beauchamp,cdebeauchampn9@prnewswire.com,ck2Swx,8124802200,08/17/1998
Ozzie,Brimham,obrimhamna@google.com.br,A4CHSjg,6559853759,08/25/2021
Herman,Dobble,hdobblenb@nsw.gov.au,UM9M6xQJxWf,6353604299,03-04-2000
Lorelei,Rutter,lrutternc@indiatimes.com,GoQP5Ae0,4917423938,10/17/1997
Rodi,Jakoubec,rjakoubecnd@surveymonkey.com,cRtrIFOcSHkT,3698052073,01/13/2007
Dev,Pietruszewicz,dpietruszewiczne@utexas.edu,mwBYBBY,1022014135,09-09-2009
York,Shynn,yshynnnf@deliciousdays.com,s2CCg5Bzii,9511036226,10-06-2008
Ailey,Grealy,agrealyng@icq.com,D4zCr9C,1591642922,07/23/1993
Kelcie,Prin,kprinnh@unc.edu,YCDDXN,9563277140,10-08-2001
Mick,Proback,mprobackni@netvibes.com,24x6zcZ1,3282892418,09-07-2009
Benedikta,Bratch,bbratchnj@istockphoto.com,SSYBBr7,2285656730,10/16/2004
Zorine,Darte,zdartenk@bloomberg.com,OLvswNN4,4902909004,04/20/2000
Pooh,Wilber,pwilbernl@pbs.org,e8MQK5NNMMm1,4155663494,10/30/2003
Durward,Fitzsimon,dfitzsimonnm@uiuc.edu,YTpoXKVp8XR,2026955039,08/25/1991
Maryellen,Barmby,mbarmbynn@psu.edu,WdKmzKik,2653537890,02/23/1991
Sonni,Kubatsch,skubatschno@de.vu,pd29zpNC5z,3755375416,07/25/1999
Jaime,Berni,jberninp@virginia.edu,eaAc1k,6247557701,07/20/2011
Doll,Gulvin,dgulvinnq@wikimedia.org,ipE3sc7bVu1,4173252851,03/21/2001
Bobinette,Espino,bespinonr@amazon.com,XziOYoIFWS,3981835415,03-01-2008
Toby,De Dantesie,tdedantesiens@europa.eu,yp75Qjcx,8312724542,03/14/2006
Audry,Corbridge,acorbridgent@github.com,65QZc5OLry3,7713248024,03/22/1999
Stefa,Papworth,spapworthnu@yandex.ru,Cat33zKeNEiT,6417249066,05/20/2001
Carolyn,Rulten,crultennv@comcast.net,EQj5kVaa,7539736826,09-01-1994
Ade,Vigneron,avigneronnw@twitpic.com,pn7zAzny1al,5595592576,05-10-1996
Arri,Blomefield,ablomefieldnx@samsung.com,LB7ND6iJ0Z,6156861301,06/24/2020
Sunshine,Youster,syousterny@youtu.be,zkRl67,4581140717,03/23/2010
Jacintha,Amdohr,jamdohrnz@moonfruit.com,3GE6oAjz7QL,5369401044,05-06-1996
Mela,Rutherfoord,mrutherfoordo0@rakuten.co.jp,xAfo8mJUrwa,4212848986,01/13/2013
Ranique,Nowell,rnowello1@cam.ac.uk,ENaFgsFW,4044249782,01-01-2019
Georgena,Eltune,geltuneo2@google.fr,0psP1R1ht4n9,9364760453,07/23/2005
Berna,Jurgen,bjurgeno3@amazon.com,jVqdTRF,8918669603,08-03-2004
Llewellyn,Dan,ldano4@imgur.com,EDKeSjHx5NS,2721722765,02-06-2020
Clarine,Scarffe,cscarffeo5@xing.com,atwzbbsh,9191967952,07-12-1997
Even,Esh,eesho6@foxnews.com,12yIjm8a,4783804868,04-08-1998
Matteo,Depke,mdepkeo7@wired.com,sDiDh85t,3308706617,04-05-1996
Rosabel,Gellibrand,rgellibrando8@slate.com,F6yraK,3137759134,11-02-2002
Ruthann,Oehme,roehmeo9@sun.com,oZMofmH,6236835115,02/21/1994
Lewiss,Steade,lsteadeoa@ifeng.com,4kVOMfrxUxi9,5165647097,07-11-1993
Isidro,McConway,imcconwayob@biglobe.ne.jp,limb8Em6p,7483342500,02/16/2018
Datha,Brychan,dbrychanoc@thetimes.co.uk,XTLzZPK88hs,7203332503,08/14/2011
Peter,Hillitt,phillittod@cafepress.com,pABpq4BTZ,8997783250,03/20/1991
Even,McCloch,emcclochoe@sbwire.com,IKWBiQPN,5804007754,05-09-1993
Bethena,Wych,bwychof@networkadvertising.org,NpTreJBKT,5577740523,10-01-1998
Moll,Crayker,mcraykerog@aboutads.info,3CFwaBcQ2cTz,6109544981,06/30/2005
Jan,Swiggs,jswiggsoh@jiathis.com,pIUGSlCWC0N8,1065706017,07/15/2019
Heath,Perel,hpereloi@wikimedia.org,BWVy9a8yyzAO,4767819651,03-04-1995
Wallie,Kirman,wkirmanoj@nifty.com,8sTkLuepboNz,5473546440,07/14/1992
Darren,Reijmers,dreijmersok@vistaprint.com,wLJ5dw,7984907960,08/15/2017
Morie,McMillan,mmcmillanol@nytimes.com,VNkRhUgKNEL,9256764465,07/18/1991
Dory,Tibbetts,dtibbettsom@thetimes.co.uk,tZuyrsty,3466151181,05/13/2011
Marleah,Mannock,mmannockon@globo.com,y0sPLj,8391454632,08/17/2010
Roch,Limpertz,rlimpertzoo@symantec.com,PBymwF0q,4802147224,04-06-1990
Kin,Coad,kcoadop@liveinternet.ru,i9dR21hlVw,3985086331,03/27/2004
Ingamar,Turbill,iturbilloq@hc360.com,Dtcu62JpCZ0U,7864258771,03-08-2004
Lora,Ingles,linglesor@sun.com,tseYFGd,4082142213,07/15/2002
Ansell,Gottelier,agottelieros@cbc.ca,fz2mzP,8898597341,03-03-2000
Raven,Venmore,rvenmoreot@earthlink.net,DQn3hXk4m4,4593620020,09-10-1993
Waverly,Morgan,wmorganou@eepurl.com,JWiOEpzHcGq,9745242053,12-04-1990
Gisella,Cowle,gcowleov@nationalgeographic.com,b1jXDrv9,6964240694,11/29/2017
Idelle,Gueste,iguesteow@tinyurl.com,1TkUqPwag,8082284901,10/22/2003
Belicia,Abells,babellsox@google.ru,Pv6jZgAIvpc5,6123764320,11-11-1997
Elwyn,Bonus,ebonusoy@ca.gov,OkMYRPOxPvA,5841071751,05-03-1996
Kingsley,Annon,kannonoz@unblog.fr,aMUrYZ02pT3,2165523895,12/21/2018
Matthias,Kamall,mkamallp0@goo.ne.jp,Pg1kuvdX7M,2959306402,03-07-2017
Zebulon,Bodycomb,zbodycombp1@nsw.gov.au,yswfJB7,4863268916,01/16/2014
Peterus,Courtliff,pcourtliffp2@cbc.ca,QB545rX9,9192058192,02/16/1992
Gilburt,Hiers,ghiersp3@wisc.edu,XAEPohThUe,7092152769,02-10-1990
Tobit,Douthwaite,tdouthwaitep4@patch.com,Oi4cQR,4859457409,10/16/2013
Iseabal,Joseff,ijoseffp5@last.fm,jdb5YN,5838613713,10/30/1999
Dorelia,Sines,dsinesp6@cpanel.net,XbgGK1rWLhBy,4725041854,05-04-2003
Sharl,Cluff,scluffp7@theglobeandmail.com,hQfPkYrpo,2635214010,12-10-1993
Deane,Cropp,dcroppp8@oaic.gov.au,uBQRXF,9701996166,06-11-2018
Edgardo,Seakes,eseakesp9@google.com,Ic8f0Skn6,7055163735,01/17/2012
Ayn,Hurley,ahurleypa@paginegialle.it,zuUCvqz,8519247583,11-03-2007
Evita,Adel,eadelpb@baidu.com,LpEQXaC68,2881619754,08-07-2018
Blair,O'Donoghue,bodonoghuepc@e-recht24.de,0cpa9lJFf,4582127992,05-08-2018
Ellsworth,Robjents,erobjentspd@usa.gov,7TvbwbSN,2166281004,10/21/2015
Boothe,Wickersley,bwickersleype@kickstarter.com,DKBn5bZlm,9914657979,09-02-1999
Jodi,Fussie,jfussiepf@elegantthemes.com,IOeAXYHdCGd,8373186361,11/14/2008
Odo,Bridgnell,obridgnellpg@fda.gov,czkPy4r8,4198121359,12-12-2016
Elvina,Booth-Jarvis,eboothjarvisph@squidoo.com,X2ci4v,8906612557,05-12-1999
Helyn,Petrescu,hpetrescupi@1und1.de,uNTJGfbQ,2043426538,12/17/2013
Alvie,Ousley,aousleypj@e-recht24.de,6dP2DK4XSAd,6473188522,06-03-2021
Abeu,Gallager,agallagerpk@theatlantic.com,GNXPSq,3665249037,01/27/2020
Skell,Rozet,srozetpl@oakley.com,g0Cun8pGU,9229181158,07/30/2014
Sandi,Henriquet,shenriquetpm@drupal.org,MwOhFxGBd4j7,9693532965,05-08-1995
Kirby,Handyside,khandysidepn@imgur.com,x3D1NUoMQ,9271221392,08/16/2019
Iris,Oxenbury,ioxenburypo@drupal.org,aXnMw52,1907879552,06-06-2006
Raphael,O'Cullen,rocullenpp@dedecms.com,mJ9sIDm1XG,4679690787,06-02-1991
Jeanelle,Fairweather,jfairweatherpq@sbwire.com,C7m9NEYynCQY,2772789684,03/15/2019
Barrie,Carey,bcareypr@google.com.hk,af2w9XYQS,8331592112,06-07-2002
Marti,Blant,mblantps@t-online.de,OFuo1lt81uzK,3936530451,11-10-2007
Clayborn,McAster,cmcasterpt@whitehouse.gov,khE7omGOm,2323162536,11/14/2012
Arvin,Baudi,abaudipu@technorati.com,5fnerFqc5rD,5791834870,03-09-2002
Urbain,Woollam,uwoollampv@admin.ch,XspUKSRadQKn,9626903252,10/16/2007
Florentia,Malacrida,fmalacridapw@quantcast.com,r3XiUpMjvDA9,7493071179,12/31/2002
Nil,Dunridge,ndunridgepx@comcast.net,K1QZI15,5718843271,06/21/1996
Marjory,Aronin,maroninpy@mlb.com,w1MqFscg,3465115617,08/17/2003
Alvinia,Reede,areedepz@vinaora.com,GGcwebyt,3428622665,01-11-2015
Gallagher,Parsall,gparsallq0@instagram.com,oDgVaBvLaY2X,4588554859,04/14/1990
Harlene,Niven,hnivenq1@who.int,cOKDLLxq5U,4554157765,01/13/2020
Waly,Gooda,wgoodaq2@myspace.com,cSFLQh35LW4,6549941084,08-10-2015
Roch,Jansey,rjanseyq3@cmu.edu,gjFtP7uLr3Gi,3812353757,08/31/2006
Jules,Skeath,jskeathq4@rediff.com,Jhfw1jlVI,6289016444,05/29/2007
Dougy,Barcroft,dbarcroftq5@usda.gov,xNdM8P5my,4161317847,03/15/1993
Christoffer,Turneaux,cturneauxq6@163.com,DeoEo1,9552537278,02/25/2002
Gnni,Hurich,ghurichq7@cbc.ca,2eecZAVUV0,7709048862,09-06-2016
Danyelle,Wofenden,dwofendenq8@huffingtonpost.com,6AtM9boqIx,3171711950,05/19/2002
Danica,Vaughan-Hughes,dvaughanhughesq9@psu.edu,Lhow3NZAKv2,2556514541,12/14/2012
Clarisse,Kinde,ckindeqa@sogou.com,hS70uVDHLDSL,9905116034,08-10-2001
Frances,Bumpass,fbumpassqb@gizmodo.com,E2D3MwHWTy,5123529529,10/28/2004
Ario,Levane,alevaneqc@latimes.com,KOzzckCPjC,1148100840,10-07-2009
Leda,Vassall,lvassallqd@washington.edu,XIjVMYVfm,6577604490,09/19/2021
Clea,De Beauchemp,cdebeauchempqe@chronoengine.com,zM3udfKbfUx,9936580326,04/18/2000
Mitzi,Kubin,mkubinqf@google.it,x3S7pmhbR,6597847338,09/14/2010
Jonah,Skedge,jskedgeqg@last.fm,Zda5a2MEsT2H,9232382478,08-01-2021
Teddi,Perry,tperryqh@zdnet.com,Ddu5YCj,5777464292,10/22/2021
Ewen,Mourge,emourgeqi@unesco.org,ZGqiJ8QiWx2,8023022124,08-05-2004
Leyla,Heeley,lheeleyqj@cdbaby.com,8YkaeF,2873782391,07-05-2020
Jenn,Crichten,jcrichtenqk@hao123.com,T499AF,3305327640,11/21/2009
Kelci,Cosans,kcosansql@amazon.co.jp,JrGtDZ,9777873670,11-03-2002
Carroll,Tufts,ctuftsqm@msn.com,tlxRaNYp,3048881619,10/16/2018
Valene,Coning,vconingqn@myspace.com,hFSpfiX6w,6479859338,05-02-2010
Lemar,Litel,llitelqo@cargocollective.com,84eDW6rr,9241831200,06/29/2006
Carina,Rispin,crispinqp@nba.com,uR6d4iraVd7h,8243668683,12/15/2000
Hewie,Yorkston,hyorkstonqq@parallels.com,ThM0gVV7,8783059186,12/22/2021
Susanetta,Tabram,stabramqr@yelp.com,fkyWNZ,9512866515,01-07-2011
Shane,Brumen,sbrumenqs@forbes.com,nmY7uDc77qWC,9861508229,05/27/2007
Max,Chessel,mchesselqt@istockphoto.com,Vo7FtKdnaA,2156775597,09/28/2012
Cairistiona,Grog,cgrogqu@utexas.edu,ImskEkEmoe4,4469982570,10-10-2016
Lisha,Boyle,lboyleqv@twitpic.com,qFJq9pf4E,7707713206,12-12-2017
Maegan,Prosh,mproshqw@vimeo.com,OEPJOZ,1508063518,02/16/2021
Mattheus,Coombe,mcoombeqx@vk.com,WP4gLE,3795888604,01/14/2002
Inigo,Freiburger,ifreiburgerqy@dion.ne.jp,u3DIdajW5h,2308148135,04-02-1996
Rosaline,Guyonnet,rguyonnetqz@over-blog.com,WLCzfWf6y,5991433690,07-06-1991
Guglielmo,Furbank,gfurbankr0@apache.org,WNiNFEB,7075412856,08/16/2001
Garth,Witts,gwittsr1@wufoo.com,2PvH2d,5718372751,02/18/2004
Gray,Pollicote,gpollicoter2@amazonaws.com,w2RHiLF,4721329960,02-01-1997
Garald,Paroni,gparonir3@jalbum.net,00WZtQJtAu,6322993516,07-04-1995
Cal,Cloney,ccloneyr4@is.gd,W3eWzk,5776901303,08-06-2021
Ardelle,Martinat,amartinatr5@gnu.org,jwNzTfOaq,9338947753,09/17/2001
Osbourne,Tree,otreer6@free.fr,1Wy0RdAe3y6,6923948065,01/22/2019
Gayla,Stickells,gstickellsr7@wsj.com,bJ8U6a,5334644897,04/25/2016
Sterne,Alliot,salliotr8@china.com.cn,cPzIqPr60,6495789552,03-07-2000
Jannel,Pallin,jpallinr9@soup.io,9BNoHJ5fZni,5105926922,04/25/1995
Isaak,Slide,islidera@php.net,5GCNPt,4473771438,10-03-1996
Lynnea,Whaley,lwhaleyrb@infoseek.co.jp,umz6fM3RZCu9,5528400422,04/25/2009
Elene,Warke,ewarkerc@sciencedaily.com,Vb66M3,6944313689,06-09-1991
Maridel,Kyles,mkylesrd@altervista.org,RaYAHd8QD,2157948148,07/30/2010
Ardyce,Albert,aalbertre@ca.gov,pddFtsF,9748463204,11-05-2019
Wendall,Maddra,wmaddrarf@omniture.com,2uQbsUVVdRsm,2724180526,10/30/2015
Bjorn,Beetlestone,bbeetlestonerg@alexa.com,tqw3u5ZlY1Uj,4837125780,03/19/2020
Jordon,Domelow,jdomelowrh@gov.uk,wUeZZSF,9806184147,01/24/1996
Hersch,Grinaugh,hgrinaughri@apple.com,P0faJis,3427541960,02-08-2010
Jacquelyn,Padley,jpadleyrj@etsy.com,gx0YxSi9,5772777002,02/15/2012
Donelle,Ucchino,ducchinork@msn.com,qwFfNS,2921671319,10-04-2002
Druci,Faircley,dfaircleyrl@washington.edu,97y0zM7iwC,2813463047,08/28/1997
Florentia,Doggett,fdoggettrm@google.ru,Rqc9BXIB2,4076789564,01/30/2016
Raf,Bevington,rbevingtonrn@ucla.edu,NPKV9ssK7,4094558591,08-07-2004
Chrissie,Trunby,ctrunbyro@cnet.com,XT95xBOl,6576401049,02-08-1990
Dag,Boote,dbooterp@blog.com,0NMc4hy0ebp,5076080355,10/19/2008
Rivkah,Newcomb,rnewcombrq@mayoclinic.com,u7jbQV,6689877441,06-12-1997
Tracy,Folli,tfollirr@goo.gl,KjCG45,9372645033,01/14/2021
